Fuente,Título,Fecha,Estado,Riesgo_Detectado,Enlace
Google News (Chile),Latam Airlines da inicio a nuevo programa de recompra de acciones - La Tercera,2026-09-01 07:00,Alerta Alta,acciones,https://news.google.com/rss/articles/CBMiqgFBVV95cUxORU9hRVVWUzZ0czZkTjhQczdjSXRqUnBDMFhuUDJsdDBiOFhBTmdGZ1lQTGVva1FfMnJGeEpZZDloVU9yYVd0TDA4UU5HX0hTNW9BcWJuZkdHSTZhbEFHbjVtZHBNSGlRZmgtUDVaTk1qaE9JenA4S0JBdWpzWTkxenJDbUN0RzBkWjlReEMyWTlHc25pbFhkQUZHa0ZTYkFlLXZEWGdLZGVyUdIBywFBVV95cUxObkYtQ2VhRFotdDUwMlhpOUNSSnpoSnRKU20xZkx6WVJaZGhWYjVmT3VZU0NjYUFMRlJGVF9sN3NXMVlwQ09TejVFczVIZjZoT0xuY3lnSzFRaDB0aFpxZ1Q2SnhNZDBYa1lIeC1pSFhqMGM5RWcxQkhacU9Ha0NPUDhKQ1FGbkxhS0FjaVV0cU13MUE5MG9WWG5zelVHS0lSUmFBbWVGUlcycmlsNEN3V3dDVlIyRDBXSlp0R0lLZ195d2VaQlZkWUxfTQ?oc=5
Google News (Chile),Qatar Airways y LATAM Colombia cierran acuerdo de código compartido - Aviacionline,2026-10-01 17:09,Informativo,Ninguno,https://news.google.com/rss/articles/CBMikgJBVV95cUxQaVctODVSd2pSczhDRWQySGFYRlhmOEdHWGxoekFuWTZrcTRtZTEwNGhQQ1JKV0pmSVl5Z3lSMTJKTXNKOHlVUDVfYm1ySzQ5a01OYTUzMmhBcnpSVUxKUVZ4NGRrN1NZMVFXM0lIYWhuX0M3WUZvMjE2UXZYcG96TGdSdnZZNU1LdmxhemJ4UXo4UnViQnd0Yl9HS0F2NHY2TXVuWlh5bWI1NzVybm5PTHhGX2xGbm9kbWhWbGd2UHhISnVfVm5BLVItTWtxcXJXR2xDdFh4OU42TERvM1B6cm9xUFRfYXp0ZTB3N2VCcnVkcHRZTFd1dTBFcWh2MWJuZWphSnVFVXJGeVNGNnEwNENn?oc=5
Google News (Chile),LATAM es la única aerolínea de Latinoamérica que alcanza las 4 estrellas Skytrax - LATAM Airlines,2026-03-05 08:00,Informativo,Ninguno,https://news.google.com/rss/articles/CBMiuwFBVV95cUxNLTdCSDE1ei0zQ09uRDdxWnQtSllGelljbkZKUWtQcUxKMWZIdDAyM3Q0QVg5Z2dHMnZ5VjdIWHBVbjdVa3Q3amRTdVhZYXFXVnVUWVA0SU5MMHM5SERCM240Z3dDQlNrUXJIbkN3VlQ0OHg5b1JQMjRGSFY3LVByVl9jUGU3QktkUmNGb0dvUDJaeFNJMXRJWXVpQlVTQ0RIMk9rb0s0YkZKZU55enc4Y014QVl5MVpKeHhB?oc=5
Google News (Chile),LATAM Airlines desmiente rumores sobre la creación de una filial en Venezuela - Aviación al Día,2026-09-30 01:17,Informativo,Ninguno,https://news.google.com/rss/articles/CBMitwFBVV95cUxPZFk2VkJsWk15SWRORDlOel9ZRU9fd25vRjJGRWNSYlFneWc3NWI1RFUwdUxtV3NyRkd1X2M2ellHQmV3RG1oM1lXSzlDT3ZPVTUtWmlHaDJIMmwzOEdvNFBqQUZza1ZrUi1xaElfTS1FdFNzVG5DUWp3MnU1YTBSc1VUMmJ6NE1mUUpPUTdNdnowT3Z1MHo3QWpHUWZoM01uSEx1dFJDMWp3TnhYN21vQnRKWkVmdGfSAcADQVVfeXFMUFVOTThHdjVjTE14ZXZ3SUMyOVFyVUdZTTZTQjVRRDIxdWZPTVpreHhTWVZYTm93MTJ3cnFNSTY2bjExNGFydjRCM3J0XzlucU9ncTBPT3BnNkNObzhXOUo3NFFEQzJRbVAtOHVIUlRheEVaUzI0U2FZVDZ5WFNUN3lnNkxXdnI1U2JWV3ppdWtKbFlxdUoxNW9UUzFjcXlab0Q4YVpnVmZuc2tjcnpjbW5ZNUV6TFhBdUZEakx0X3N3d3lPNWhGalRhTzZ2VTE0LUR4TnRsSGltVzU5c0R4d1JHX01aTXZSSF8xWUR1UUNyWTNZcl9lenBLaHRYSzM5NnZGcHczOG5BQ2htYWxWeTRSYkRmODlDemVQdlJaTG5qb1F6LUpCR285QVJQSlEySGFwdkZEQXhXM1JYcGtITXFnVVNSMTNGVV9mRW9DTWFTLXp4SFZfVXgzSm9sMzc2UVZOV3Nfb3hnZUpVVk1VMXBVSzhhQk9BcnIwRXF4Q2ZRaTg3c0NEcWxNSms4WVB5dTFXZDV0aTBOcDNNbkRPenItLXIzUVg5NU9rYWh4VDdIT3Q1dldLaUhLdjJNVzZPQg?oc=5
Google News (Chile),Latam Airlines invertirá cerca de US$25 millones en Wi-Fi satelital en gran parte de su flota - LaRepublica.co,2026-09-28 15:30,Informativo,Ninguno,https://news.google.com/rss/articles/CBMilAFBVV95cUxONEg5WG5wMVduSXp2bmoyQlduMGF1NXl5VlNtUDd3djc4TlRiUm5GNS1NMGw0Z1NFeUloX3IySldadVNWOE5aQ05IcXNMWDQtOEx3bUl1WGFILVpGamY3ejh1LTV5clhmU2hjc3JpR2Z2MmRPMVRocE5lZEx0cEZrbGZMZnUyUV9wYjVKYkctSmlqWHYz?oc=5
Google News (Chile),Latam Airlines aprueba recompra de acciones tras advertir presión en márgenes - XTB.com,2026-08-04 07:00,Alerta Alta,acciones,https://news.google.com/rss/articles/CBMi1wFBVV95cUxQTUozc1dobERyOFhUODEwRUJHNmladGNidG5ndkpFajc5TXFqZmVzWmN5UHZkUXBfMkJ6WW9nR3Y1VmhiSHZoVl9Yb0k0dWhqc250ODF5YTBXYTBwRzZMM25IMWdvODlqc004T2ZSbllxcG5UVGxkRkhtVDNVakZNeFd1NTlBZS1raG1HdmZDVEJTN21ENE02VEJJTkZaOVZ3M0VTRVFxanE5Nzd0Q0lWU0hBVEZSdzAzQTAzMWFUd045RWYtbWJxLUxESjNUbTV6WjE5Um9ZMA?oc=5
Google News (Chile),LATAM invertirá US$ 25 millones en Wi-Fi satelital - Aviación News,2026-09-30 06:09,Informativo,Ninguno,https://news.google.com/rss/articles/CBMikAFBVV95cUxONS1wdmF3UXpSdGd2WFNKRkxKNmp6d0xuU1JKQll5VDE2N3BLbVNNR0p3YXVvdzdfa3VYVEl1VTRkajlZU0pKcTNGZUp1aGUwZHpQVzVNVXdrY1gtVGFqQlBFQ1NmeDhLVTJlcUs0ZWU3T0lzUktSSEtxTmVBTkl2SDdaRlZCMDQ2Mmtfdy1sRkE?oc=5
Google News (Chile),LATAM Airlines Group S.A. propone distribución de dividendo - diarioestrategia.cl,2026-04-08 07:00,Informativo,Ninguno,https://news.google.com/rss/articles/CBMitgFBVV95cUxOeGxORWlZUzR1QmpZNUh0SHFwQkZLQlF5NDRiNjRFYm8xNEFfRk1jWE81REVrQ0oyNkhRcWZJVVhOTlk2d3gzNUNJT2ZVaDVsX0NBQVBsYkJ3eUJEZllNVWZiMGtHYVJDUUxTd3B4cnZPY292UDBTYkd6c1lGUzNleFlUV19WYTE3eUltNzZOaTZIcFh2dndVU2t0dnE0QWh2QzZhTllTR3VCY1pCRWNDRm5oMU5oZw?oc=5
Google News (Chile),Utilidad de LATAM Airlines cae 48% en el segundo trimestre pese a un crecimiento del 28% en sus ingresos por alza de combustibles - CNN Chile,2026-08-04 07:00,Informativo,Ninguno,https://news.google.com/rss/articles/CBMi0gFBVV95cUxQeVlLcWpSQzJCRzY5S3hLWlNKUXB2NEVKZUFhUnFBbWgxRDd5LTNEWUVPdDFqcDZ5alN4cjJMMWtIVlNWV3JXT2VDaFZDOEF4cFBQSmJrejExdEhCelphcmN3QUFJYzFORldqcTR0Mk5UNFF5bzlYTDR0RnREeVVVcHBSanJ4V0hGWXR6OElMaXYxQUF1RHpwNDJSSllFWlFFRGVmNURnWW1FMjRUcER4NHh4U0EwWUpQZFpIdEZqblRhdmJ0NWhtOTJJb1R0NFgzN1E?oc=5
Google News (Chile),Latam es premiada como la mejor aerolínea de Sudamérica en 2026 y Jetsmart gana en segmento lowcost - Forbes Chile,2026-09-19 04:35,Informativo,Ninguno,https://news.google.com/rss/articles/CBMi1AFBVV95cUxNUkNWa28zRVlhekltZS0tNkRNeE5EX3FxUUtia3VzSnhBaU56M2lDc09lZmVDdTFRNzdiSW9PSFJhZ2hvck41UGd0TFA4TVFKYmsydkxRcDB6Ty0xaDg1UnUtMEFEaUNqOENjSUh0cmxtRVpFX2puRG5ickJDb2RFbHJwbk9EbkhTWlVLSVJoMFZIaUtoRGs2MzdYQWNkSHhPQ19SZ3FrUFo5Zl9lQVJnZFp0dHcyaEI4TF8zc1p6em13Z0puM3J2UkRFc0Y2czc1T1dUTA?oc=5
Google News (Chile),"LATAM se posiciona por segundo año consecutivo entre las aerolíneas más sostenibles del mundo, según S&P Global - LATAM Airlines",2026-02-19 08:00,Informativo,Ninguno,https://news.google.com/rss/articles/CBMiuwFBVV95cUxQX2g3aHBHd3hfVkhTaXFpN0dYU1ZuRkVQOF9LTW14S3hSS21QLUFMQ1lyMFYwb3dqTHBYODNnQlkyMkZvb2d5MExvejNWLTZCTi1BaXdxZm9vMnp0dHR0bHZUbWZFSkVvak14R2VNMG8waFY2RnRiMUFYLUpvbzRJdVd1N1F5SzRmY01CbVEtLTlVMF91R3p5czVlUGVZbTJJQkxSdEJna3dwZm9ZRUhzNnRUOFFMRlFnc3pJ?oc=5
Google News (Chile),¿LATAM Venezuela?: La compañía salió a desmentir rumores - Aviación News,2026-09-30 16:58,Informativo,Ninguno,https://news.google.com/rss/articles/CBMilgFBVV95cUxQV2I1SjNhekhadXY0VGtJenZvdWc0VXhxMHpWeUZubkdOdWVqVkUwbDNEUS1ZX19EU0NlNWhQekhaUEg1LU1HV1NCcHI4dUM2Q0hJQlVPXzg4ckpQVU5IRUo0ZWZQQWt4UzFSNFdRd0lkN2xER2dmNy1ReUFaLVJFeEZFVWpXSVBNNlhLc1ZVOVQ4TkNmaHc?oc=5
Google News (Chile),Latam logra financiamiento por más de US$500 millones para incorporar 11 nuevos aviones a su flota - La Tercera,2026-08-20 07:00,Informativo,Ninguno,https://news.google.com/rss/articles/CBMi1AFBVV95cUxPSWVBSGJSaDJ1a1RMWHM1bmdzQjIyZVBad3JuY3ZzNUs5ZkV5MHpBQkx4a2N3QWIzUUM4TjZYczMwVS0wX1BjbjJLV3pkbmxSOWgyNW44eUd5Z2lyV1YweVBBdnFmZjFYTnpiSzZxMzBISjhuRW1sOHhuWEhHeU01TmNic3JleDdFeGZfeEJNLWs2TjRFcC0tRFdxRm50aTUxQmhIWk05TkpsZ3BFSklPbHgzN1JzR1dSb3k1Z2dHV0s4ZHo4bnBwU00tNHRYb0hYNWhRTtIB9gFBVV95cUxPa2t1amc0X1NoSmNkd0hnQTFLR3N4Wk9mUHVnM0NFRk00RnhTY3VQWGxNQVRtd1QwdnpvTUZhZkh0bmtuaDJWcDVmdFhaWmNETVhYWWtFdUJ2T2M2LUhGSWZNSW9YX21QQ3drYmtTTEpkSldMY3dhc20tNE5OLTNTUkNBajhEQ1daajhRb1dVTnJTNVBKT3lDa1AzYlkwUTNyandCYXR2MXNEWXV1bGZIOWRWMGJia1cyODZxODZCVVIyTXM2VjRFQnAxMzNqbWRXUGp5QW9jU2FsSjIxeUQ4X2w5d3lZMDl4dWlVQUh3eUZSdHJrN1E?oc=5
Google News (Chile),"LATAM Airlines: menor petróleo y posible paz, ¿nuevo catalizador para la acción? - XTB.com",2026-06-16 07:00,Informativo,Ninguno,https://news.google.com/rss/articles/CBMi1wFBVV95cUxNdU1Rb3g5d0JkRFdqbDNzdGhDRlpKLTZYbEhJRmU0OExWLXdKMnQ2dkV6RzNuRGozYTMxMGNvaVhhbFQ1NlU2Y1V0c0xhZmQ2RW05WEtVekFxZWxOeDU3S0ZfVXJiSHctV0dROEk4VFBtbExzdkFMaXNKbVFZbXN4dDNoRl90ZDBOQ2M5OXZwYVNYS2t5VVg5TGFZRjduX2ZSeEhlSmRKTHlCRHJQM0NaMGNBdU5IaWtFWHQzRzc5ZlFrbm95V2tnenZDYkNkb0Y1Z2pQZlgwaw?oc=5
Google News (Chile),LATAM Airlines Group inicia programa de adquisición de acciones de propia emisión - diarioestrategia.cl,2026-09-02 13:01,Alerta Alta,acciones,https://news.google.com/rss/articles/CBMizgFBVV95cUxNR1doRWIwTUpnRXZnTkxfbzZCZm9uOGM4MllES01yUEdLdEg1Qnd0WEVNOE10QkZHbXdfcUZSU3liT0NWdE83eXk5SEU2RWNUSWRFd0pYLUtXc1FiaEJtRnpJWnBqN3dXR2t5dklEcW1qQ1VHT2J0TzkwdHIzZUZ1VWd0RGNFODJubE8wQWhyQUtHUzBraVBrdmttRGVLUW94UDQwNVBCMGpUVzM1MTN1Z0kyQmVuUHUyUE9hUzd5TmVOYUxvN3F0cXhNNWh3dw?oc=5
Google News (Chile),Ruta SCL - Quito directo - LATAM Airlines,2026-03-19 12:55,Informativo,Ninguno,https://news.google.com/rss/articles/CBMihgFBVV95cUxPYmN4QjIzZUwxaHpiemplXzNTOTZZQkZLX3d2aFhzZXV3UGsxYjhzSHY1LTFiU1o1T1kxSTRfQlFSWFMtU2NqeXM0Njh2bXR0SmtNaUxtb01ESGI3ZzJmUXFGdW9HMlpwS1JEREgwWElzemhnaWEzWmdRelFTY1dWMVNucXVwUQ?oc=5
Google News (Chile),LATAM Airlines presenta su nueva promesa de marca: “Bienvenido a ir más alto” - LATAM Airlines,2025-12-11 08:00,Informativo,Ninguno,https://news.google.com/rss/articles/CBMiuwFBVV95cUxQYXVxV1lmQXlpcjc3UzV5MkxYV29YM2h2eHpiNlhER01WWFdKMlhHajZkYVFrRkx1eFdUbFF6R3lUNVppWF9qcVRLWUxjM0NSZ2Rtb0phTTJMMklwZXdFUHFvVk1QcHF1RkZKWk8zbnhZVVA4b1pqYy0xVWhrZUs3dmlIU1YyMkxya200RzBqdmM0d3ZPdExyVGEyUjVSempDWXo4ckZ3enVITGtqdURmNmNjNkcwbGVZMWgw?oc=5
Google News (Chile),LATAM es reconocida a nivel mundial como la marca con mayor mejora en experiencia de cliente - LATAM Airlines,2025-12-15 08:00,Informativo,Ninguno,https://news.google.com/rss/articles/CBMiuwFBVV95cUxNQUY4UE9XTzJIb1hxV0NsLXRJcFBRa1NxbTNuQzVUdzNZaFdtMlhabVdfN08zM1NFWGN4RFVaTXRmSWE2QkFXZHlkMm9seFpmZGpiWXdwWnREOGJmMEtNRlM5Yko4bnNFeDRJTnlfek1hSjBwdmpYdnVkbzJtcnRXNWpLQ19hTGR4UTlOWXB3TEFubmhha25NWTFSc2djbGk5dXJGYUNrLXlvU2laMWtSQ1hYbFdrT1R4Wk8w?oc=5
Google News (Chile),"LATAM Airlines presenta récord histórico de utilidades en el Q1 2026, pero el precio del combustible amenaza el segundo trimestre - XTB.com",2026-05-05 07:00,Informativo,Ninguno,https://news.google.com/rss/articles/CBMinAJBVV95cUxOVDhtY3ZpR05xSmhLSnBEMGQ1dzV2OFJWTjJfbUJSSC10THJsbDVyd0ZsS0hfaEticmJaaDVxNGhpNm45cDZjNWdXYnI4bnlCaDZ0OVptWk81WFd2anc2S3d0ZDNKTXh2RjlRY2lDclVxWkV3TEd5cFFTTEJIZVJ2NjQ0MXAzVXdjLVVfd3phalpnbjVLcFF4SHQyaDBFanZKUjJrR2JaRVl4VWpxcTlpdzRqOHFnTmhiRkU5d2h0amVmVnFoMmQybzkyNmhhckxNU0VaQmpOVW5XLWpWeWViX010dVlTdUozYldYcmhKaTJvbWUwY2xNOHUzUTlZSm5SNW0weklwREkxWVZWTG1RY056WUhSMzZrYTh6dA?oc=5
Google News (Chile),Latam es elegida como aerolínea del año y marca un hito para la aviación latinoamericana - El Comercio,2026-09-29 19:55,Informativo,Ninguno,https://news.google.com/rss/articles/CBMiqAFBVV95cUxQVkFwVW1lT3FlM2NHaktWcUNkNDkzZExTbUtBdHV6d2pWTENlMlViTVRtN0VqREZuVGZSaHZKVHBnY0pROVFQdTVMMTU2UVVlYW14czNtT0cwLUtvMWdpQ0NPSkIyVThKYVJ4bktDSWhuR250VWNmcHVrbWloZ256cXFDeUYweWNIN0txMXo2RHRQZ29JTVhWMlhEUjBkUXJjcURZSl9hWWs?oc=5
Google News (Chile),"Las cifras de LATAM Airlines: 56 millones de socios y US$125 millones en ganancias, pese al alza de 93% en el costo del combustible - Forbes Chile",2026-08-05 07:00,Informativo,Ninguno,https://news.google.com/rss/articles/CBMi-gFBVV95cUxPM3VtQzRfVnk5SzhUWkNlZWpUZWJCSGNJUnY5TTBPTFowSm9xaTBtZGJ0NmNSN0Y1YjhBUkdIb0N3ZGtKdXdURE5RTzJEQjAxaFEwR1RILUlaU01CdFBCeVU1cmNyVDNpcU1EenJ4YmhRZzNjYUpWY0NtQWViMDRnRnRscExGUjJnc05vUHRqQVNLTGs3OE1TekxRb3RBTVhhbTl0YXRyaWpnMkZad3lxYWtjTi1OdWJmMWZvWEFHYloxNFp6clVrWnVTUkFLcWVrNHNKNU91dTVmbzRwNW5RWFpXNFZoT1hIWWE1ZjA2YlVFcjBnUWhTS01R?oc=5
Google News (Chile),LATAM Airlines se consolida como líder en Sudamérica con un retorno del 76% tras su quiebra - XTB.com,2026-02-23 08:00,Informativo,Ninguno,https://news.google.com/rss/articles/CBMi6AFBVV95cUxOU2sxVXJua1JpRmkyekJGalpsLVhLYl95WFVISjlVeWYwM203WkRFdzAtcFB1NUZFcHI1MjdQTHJxd2xWNU1veUlCb0xoQUo4NC12YXBvcXZkT2VPUEZVR204Zkp0c3k2bTFUc1NLdXUtR19meHVYdnAyLVVNUmhqM3Y4T25Ca1JnRTItN1F3WTVPWG16VjdvQzhnbHpZZHdETVM5bk02VF9yemVVcm1sNGF5TWlfVF9hdmVhOEljZWpXQkk4S1dPVElLUEV6TXFuTGtOMF9sVk5wcThqT2ZPdTFNR1ZWeGl6?oc=5
Google News (Chile),"Latam Airlines vuelve a obtener resultados históricos en 2025, con ganancias de más de US$1.400 millones - La Tercera",2026-02-03 08:00,Informativo,Ninguno,https://news.google.com/rss/articles/CBMi2gFBVV95cUxPZkdtRVlLYndWTFBGM0hWR0dseDl0M19OQXU2UDRETU9mMXNIM0k0OFdCYmMxM0d4UVEycXluMmlvcGx0bjkzNXYyMmM0eklHLXZiRENLUndMOGhYQl8yMmEyWDViMlV6akowcUdaWkF0TmJ2ZHNIVm9YRnBYVHdxNGt0NjRrT1R5eHJlVTlpdWFDbm43TmxHNlV6MFl6bzVHY0tlZHZ5Sndab3ZKZkdxNTN4Qkg5WVlWR2VyTXRmSTZxcGFZbnEtTE81ZUc3UnpkTzBmQ3htNURqQdIB-wFBVV95cUxQZjdtQzVhdWJEaEE5Y0NCQno4TkQ2ZEl5Tk5LNVJ2bkt6aGRKc1pReVNsT2F3ZThKVEt2Wk91ZGFadGEwVXh6X19UTUJJTDY5QXZYNk1jS3ludGFUNWlxZnp4dnNkU3BZWmhfN0ZycFNDdV9LdlhJVzdteUFmMWc3bmdvVWNQSzU5WHlUVTNIWnFDbXFvYWlZR1ZSSUFLQVd1VUJWNDFONThCQjdMYXo4bTR2NTRrZTdTRTUyZ2tNeTA4OUFtYnhxSlJNUXV6am83Q2tIU1NFZDR5N3JoVVhiUk1GcXZVdHBMUHI1ODhWWmlOX0ZtbmlZNUlQbw?oc=5
Google News (Chile),"LATAM Airlines reporta utilidad neta de US$ 576 millones en el primer trimestre impulsada por transporte de 22,9 millones de personas - CNN Chile",2026-05-05 07:00,Informativo,Ninguno,https://news.google.com/rss/articles/CBMi1wFBVV95cUxNem5fcDdUaFVMYXFVakdySzVLamtqamNua3VQdll5OE1pY3cyeFNMN041WTBsVnRPUXdjUXBrNTlLR2RBSFBUWERFOTdNLVNITlQ4UnQ5bFMybGRFZVZGdUxBbjdpY1pZS3VVaGV4aFo2NGNNckhyZXFYQ0pkWDM0bkhpTE8yYk5JZDRqQTVNTTc5RHQ4MldETEE4a2dHTDhxaWVaeUZ1WHN4Sk9pbjloQ0xjV2JZbThqaVlIaVY0Y0RRUE9zLUl4bmduRFdFX1cxOW5nckxkZw?oc=5
Google News (Chile),LATAM Airlines: ¿cómo puede beneficiarse de un fin de la guerra? - XTB.com,2026-05-25 07:00,Informativo,Ninguno,https://news.google.com/rss/articles/CBMiwgFBVV95cUxQc0YzSlF1bFJNVjBfNzBvd3paaGFEWkxkWjhBNTg3WXhRcG51Sm5TdmlKd2FsZVZKc1BDWFdMZTNFSW4xMWRRaFhGWm5fUVNjNkY0Z1hzem9Jd0hfaW1PWWctQldOMHdWQlhtMXRZWldLVUNITmlmUHVXSjJ4WUhHbjh4SHpmc3BLYk5xZnB6YUlJcHpxNXNxMVd6bXk2REwzV2NscmtqTi1wVUJYY0NER2VESnZsY05RaUNZVFc5cjROZw?oc=5
Google News (Chile),"LATAM Airlines asegura USD 505,2 millones en préstamos vinculados a sostenibilidad para renovar su flota - LexLatin",2026-07-28 07:00,Informativo,Ninguno,https://news.google.com/rss/articles/CBMilAFBVV95cUxPRjBZN0pZZTZJM3JnZW92T0drZTlCbUlETGxmV210WXhqeGE5V2VHNFBfM3VlZmJXTjBNNERLMzdnc0pKQzdZVTBDZk12NFJIOS1SRzE3R3lwX0Q5X0xVMlU2akRGRHNvX09yWFFkM09hd3VkRC1jbGgzdlNSTDlGQTl2WTZyZ2RMZDZYRmlCZTVTRDJ2?oc=5
Google News (Chile),LATAM Airlines lidera el alza del IPSA con +10% mientras las esperanzas de acuerdo entre EE.UU. e Irán alivian los mercados globales - XTB.com,2026-05-06 07:00,Informativo,Ninguno,https://news.google.com/rss/articles/CBMinAJBVV95cUxONF95eWkzR0lnUzJ1aDRGMzUyd1J2QWxLc3dXRmJFWDhXUlFRbEVBOWwzY2F1RUFJR0ZqcG05MVlQbnFNZFc0RGhmeFhpa0dLVzZFeDJBUmRxRW54a2llWWdEOE1tVkw4WDVUM0dDR1dZcnYzYXphai04bW0xSTcyckN1Tnhnc1ZvRG9WSmdnNEtMdldIbGMtT0doTDQ4ZkdJeDVLYXd2WWtLU0ROenFDMmdEMkN5REEzcVYwNVM4aFZBT0hwZ25BMmxQRk92X3Y3LWNRUElvM0dPRlVTeUNVNlpPb3phRDZ0RjhHS3lDQU5aYmU1bkhEdFpjaklILWh2TDZVWTROSmVPVVlFcm4wRDB6NDRnazdZUWhvbQ?oc=5
Google News (Chile),LATAM Airlines cita a Junta Extraordinaria por nuevo programa de recompra de acciones - diarioestrategia.cl,2026-07-09 07:00,Alerta Alta,acciones,https://news.google.com/rss/articles/CBMizwFBVV95cUxQcVRyQnlnTThJY0stYTJ3aGI2RGhrNEVJM0xnMU5QelZWYjUyLVRLa0hFRlJTTFZpUTFpT2xSb0dFdDZPY19WY3Nhcng2aG03MU5TWW5OVHFpd05odDNFejBLS3VSTXBPaVY5QzRqU3lCdGEteFdqbTNxRXdWaWc4ejZKeExOUTVaNEFvajV4QW80RjlfczJTU212TmU3N1pMMFVrS0lROUJIdGctTmpxUlc4eGRpZkNaOU10Tmg2S1RFWVhZY2R6dHR6bV8tTzg?oc=5
Google News (Chile),Reconoce ATW a LATAM como Aerolínea del Año - Periódico Digital Centroamericano y del Caribe,2026-09-27 17:33,Informativo,Ninguno,https://news.google.com/rss/articles/CBMikgFBVV95cUxPZFFNcE8zbFVaUS1Scjk0SFhBbGk0czcxVlpJSVBmZHNUMG4tM0hlc2p4Vy1OQlhCdGNGdDlkcDNzX2xiUnZUUDRMWnF1cWZhaHB1a0RXbmQ0OERLWWNLQTFlOWcwYlVuMnU2bEUycVlaaW1oUmNJeEtrX3R6bV9UUXFkaVBfSGNDdHpieFE0amxhZw?oc=5
Google News (Chile),"Accionistas de Latam Airlines aprueban recomprar hasta 5% de sus acciones, con un pago que podría llegar a US$670 millones - La Tercera",2026-08-03 07:00,Alerta Alta,acciones,https://news.google.com/rss/articles/CBMitAFBVV95cUxOUmZMVXNvdmhTN0J3QVZRSjI3NzFJYWRCMWVyWGM4TjhtZkFPMGplMzY0cjRqRG0xZkVtY2llN3dVTFpzSWV2MG9yNFNvYlBDM1FDMjlyQS1ycS0yWW1TRmVsSkVJNDdWWlEwZjRoVEI5WmtxVm5ycHN2V2VablZNejVIcExJTXA1d1ZuWmxGR290dGxkX1U4TWRkbkR2SlhiOXU2TkZYS29TUm9wMmxheUgzWmXSAdYBQVVfeXFMUHdrU0pyZ1hid3IyME9MT0FUemotc1dpZ01zNXcwQUFMWW1aREtnSlFjLXM4eGsxRmpaRlFwX0FWX0NvWnhud0R5Ni1DcjFmRExwWWRNSEhYTUQ1RWQyM29fOUt0SG1peHRHN1NGcWFxNjdROEZocEVVZVFhRTExZ1ViSkJmWWdQTzM1ajU3YmJCQ0h2V0VBY0V1R0pyQmd0dDJFSldhY3ZTMEozd1lWLUlnWlFZejFUemZRTnRCdGhJU3BjQWVpQ01WNGNibjBsenA3aHFPdw?oc=5
Google News (Chile),S&P mejora la calificación crediticia de LATAM Airlines - Aviacionline,2026-09-22 14:45,Informativo,Ninguno,https://news.google.com/rss/articles/CBMi_gFBVV95cUxPNTZyc0hEaWNmTzlwNGlzR1ozZ2NaUXZwaGw2U2xzWkY0Qk9hMUM1WDdtN1FlWXlic1VUS3c0dXJQT01NN3MzSHlWVU9xSXpKd1VMZkJWOTU4c05qMGI0YmsxeGpLMEtUajg1ODBHdkkxNVJod0h4RmNqVGpIN0hJSmhETmVkbF9WUjRHQzNTajlhOEgyMElNdDB2T2t6TG9ueEFmTlYxT3Rpa1YtWnVmd01kbllyX1I4SDNJTVhnbnBBVERTREVSZmZvbkZBOGZaWTJ6Ry11T2NKdTJoaUdwVUs5UEdFTElIM0ppSWpQYXZfTmpNelUxaktEczAzUQ?oc=5
Google News (Chile),Entel y LATAM se unen para premiar a sus clientes con Millas LATAM Pass - Entel,2026-03-17 07:00,Informativo,Ninguno,https://news.google.com/rss/articles/CBMizgFBVV95cUxOSVZrUlhPU1hONl9ZQlFiZTNCOHZtajV4cXRUOVBYRkMtcjhwdTVmc3dpWVl6SEgwTEwxd2JaZmVaRXlvSzBhSEx2VHFNQ3VlQURORmI0cno5YVJJYnllTzN1NzBabzh0X1k3Q0FPSUpPQnhkc1d6TG1DQ25Fb1dKdzRyMkVBSm5NOENrQl9iV1VXOUNBZTVvd2dZdklCSW1mdE5LWXVXTERuYzNBb0EtYVZRLXZBYno3dlhoZ0JBNFdzb2tGLTktMHJhenFKZw?oc=5
Google News (Chile),Latam Airlines Group S.A. temporarily Pauses ClearPath for Part of Its Fleet. - TradingView,2026-07-03 07:00,Informativo,Ninguno,https://news.google.com/rss/articles/CBMi1wFBVV95cUxPM0F0TUEybVV5UkU5NHQ4NkMtVWlNbHFvZzZ3MkZPNmNyOW1QQWJiVERneUNCcW5iN2hzNXdmTUhfSlY5Z2dvRlY1eVByRGMwallYVUpYT3R0bW9VVmJSX3RJMmVzQ3IzS1k1WjZ4OFNxM2NiNmdDd2hTMFMtZzJ1V19IR0UzWEFsSW1mRE53clFoVXZSSWRPY0l2b0tzbHEzdVgtNVg5U0hYTnpTLU0yT1dMbDVxbUE3R3lxWFpISG5zSHlLOUR5UVR3RU9udS1pSG1aa1daRQ?oc=5
Google News (Chile),"LATAM autorizó vuelo pese a anomalía detectada antes del despegue: Regresó de emergencia y deberá pagar $2,2 millones a 2 pasajeros - El Desconcierto",2026-07-31 07:00,Alerta Alta,emergencia,https://news.google.com/rss/articles/CBMi-wFBVV95cUxOaUNqZUR3SFY2OGc1OE9TOGJoTnBFRUNBaWV3VWhhSTU0UjlHeHdQRU9RWDhDRkJBVkp4cWpUN2pTLWhTWnRQTHhQLWxpTGJZZlpaZkk0STgzRlRQdTl6ZGI4WDNhd1hwYnNzSDNtWGZWRi02Mlg3b3Z5Y1k4S1RBVHdGU1kxRktLWnZKX0x5dUVMTHd3ZmpWeTZIMGFyNFFxaEIxVEVkdFdrZEp0Y1ZTUzJRbHA5V0dNaXV0RVpJRUZuTXE0dWpHRGd4b0RsM0ZRRXk1dXZWbnJpZjJlSURIRTlyMmhfSWJGU3F0UFlrTlFpeFZPU3lEVDFxMA?oc=5
Google News (Chile),Sebastián Acuto asume el cargo de vicepresidente de Operaciones y Mantenimiento de Latam Airlines Group - Europa Press,2026-09-11 07:00,Informativo,Ninguno,https://news.google.com/rss/articles/CBMi6AFBVV95cUxNOFdXTzRYYlhtNlMxSk56c3VQLXBiMXpES2hKMHM0Ni0xcmR0RmpHbmY0ZE5YbjV6X3NSTTVSOTc2amRjaEdleWVqY2dNdDlHZHp1alBYYld2VzZIU1FZMHFET2xLcF9uc2t6TkRBaHVWUVFCUFdFYTk2WTMyQUYtdVc3czJDRmNzU0duRmdTMUEtU3dvRXhxRmM4YVFOblhoNUcyamRSSENkX25IUlVlNXJBeWtucjNlX3lNendUYXgzVTlhbVFvRHI1a0w1WVRMbWtzWGtfTjk4Y1BTRklBd3pMVnJuX1dE?oc=5
Google News (Chile),LATAM Airlines Group ofrecerá más de 97.000 asientos en vuelos desde y hacia la región de Tarapacá para estas vacaciones de invierno - El Reportero de Iquique,2026-06-28 07:00,Informativo,Ninguno,https://news.google.com/rss/articles/CBMi-gFBVV95cUxQcFNrTFg2RTNpZ0lBZHhmLXZpYnE5LXYtMlk2dmttekRsVUptYXJhZTdDWE5PMldRU0tzd3A3MnJYNGpJenFXdFJUNXRzZlhqNXRKRDNWelFVNVZJeHpYOGV0M29rMDR6Vk9OWVVFSVpUS0RIbEp3TnkzVWJuVl9KeVY4alZtVTcteXBudmtFckhYX1RuWUFyZF82WUlOQ04zeVpaU0FrRGkya21TeWpVSndkTjBRd0lKZUVDMG5oSU04eG1DQnJyOF9iY2RPVzdEMkFNb0ZqYnRJQ3FXV3hfd3NoRlBIMUktNkRLNkFGVktxVlZJNDBoQmd3?oc=5
Google News (Chile),Wi-Fi gratis y mayor comodidad: Así serán las cabinas de los nuevos aviones de LATAM - meganoticias.cl,2026-07-28 07:00,Informativo,Ninguno,https://news.google.com/rss/articles/CBMiywFBVV95cUxPbVRnLVZCVE5XdHhYUWhDRjZGdUxqbXVOWk5kOXlBWTVaWU9EOUNBQ2FvR0U4UGpNSG5PYnREUFJYbVdwYVZsdnpBak1oTngwS0ZRNWJyOEltOGVGb2YzM0pOZVU5aXBHV2xheG5PT2FQMkMyTjgwdF92SzJJTFBGaVc5TllFOURkSVZuc0lkYk96eWZJN2JNSFhMeXNmWXdIelY5VHdEc1RGRzVndEFZbWloVURBWWpObGdzYmktSFJlSURRV1dxa2t3UdIB0AFBVV95cUxNQjhVQmxzbU9BcHZTYUh5eHBQTkF4WkwySVAxX3NGS1gxb3FCdlI2d0N3RHJsV1d6MUgwSkdVQnNDcTFmZFNGU05kZ2pGSWo2N3ktSDJlQTJCaEd2SkR0REU4OXQ2UWxBVkRRMTJ6cVZaTkMzc2w1MHhMU3JwTVYyalRnQWlPX2hVZXA4Y3FKRWF2ZWJJWm5DVTFzbTdsb3lvZjBRdVYwa2ZIMzNxZERYTkZBSGhFT3hzWnVOVGlCdGtESE1xSjRSMTJYVzg1N0RR?oc=5
Google News (Chile),LATAM cierra financiamiento por más de US$ 500 millones para renovar su flota con 11 nuevas aeronaves - CNN Chile,2026-08-24 07:00,Informativo,Ninguno,https://news.google.com/rss/articles/CBMitgFBVV95cUxOSVBjcGJDTF9VMi1WNWFFeE1jVnd5YWp6dHF6UUJfWlhjdzZRa2oyOG91Z0JHSlhiblAybTY5dVhiWU9ibDA1Z0dMS3d4X0VvYVRqUHdQX3Z4UWo3TVVtVjcybjBlb29wQ1dRU0piRHU1NzlvMlloYm80MjlBc2lfYW9Kd1I5YjlTSnhqcU9JRFN2Ymd4VUJSb21HaURzbzM2VC1NckhKVDNPSHhCMHAzRmI1SXd5QQ?oc=5
Google News (Chile),LATAM realiza sus primeros vuelos chárter con combustible sostenible en una operación que redujo 160 toneladas de CO₂ - Diario Sustentable,2026-06-23 07:00,Informativo,Ninguno,https://news.google.com/rss/articles/CBMi_AFBVV95cUxPQlhNTURpdDE2LWloM08yQUM0c21SQWVTWmp0ek9yVUFZZ2JFWmRiM3ZGM0RoR1BDN1FWeHhzU0d2eUtwN2p4WV9XcU9ISmJmckh1bjQtci1Ednk3VDdBY2VDYW00d3UyZjNHLWJqUXFpRm1GXy1ubS16bUdyY2gyVzBsMUR0eXdEZEhxaldFeWgtemFyQnRhREtDQUJaWjdlN3ZaeFpqX1c2R2EwakcwOWxsVHpBNVF1cjN2bVVvY2tHVEFNTFdPSEFIWFEzR3JKSkxVWWpxdnNnX2RhZWJvTjg3M25UQk84cDZwdVZDeDJ6THVqU0ZhT1gxNmU?oc=5
Google News (Chile),LATAM Airlines afirma estar preparada ante alza del combustible por crisis en Medio Oriente - Chócale,2026-03-20 07:00,Informativo,Ninguno,https://news.google.com/rss/articles/CBMiuwFBVV95cUxQbHZIcmdFaEs4Y0ZFY2VfMi1MTUIwZTczV0syREV2ZXpDZEFVVFRQRFJXV25vQ2ZCbFJiQ2NfSkxETDJSWGY3SzBHRFRLamE0RVdZZEdrZW8zRURjNUExX2hkWVZhc2FXbXE1dmtTdGE5WXV3Y2RsanFCZWwyeGRCVnRZM3RpTXl1djkxV1FSb3NjQ0VLREczMDAwa2FYZ1JtYzAtOXhZN0gweDNWeUgxSVR2QjNkeU9tMEJj?oc=5
Google News (Chile),LATAM recibe el premio “Aerolínea del Año” de Air Transport World - La FM,2026-09-30 19:33,Informativo,Ninguno,https://news.google.com/rss/articles/CBMiuAFBVV95cUxNTjhMclhzU2thNTlpUjExdlhjaEsxTGFGZ2hkRUVMeFQ1MVRMU3A4RXJfWlg2TUJsSnMyMDZkSmZDcjNNN3BnRFRzQ0w0QnE5TFRHRTF2algxeFdreFN3OHRzWm1oSFM5eWNrVHNQVkxWcDB5UDJzSkl3MUlPNjdCMjVRXzcyQlBMMVJ4LThMMWs4OVAtMFVBVVpuaWx6RVdMV3N2UWUzaXA4Wm1ESHhCcXk5RG82bmZB0gG4AUFVX3lxTFBvVHRkdHFDeHNXMU84eTA1OXJ4Q1BEN0RONXM4elljRHZtN3Y1bjVfaERyMTVjTm9ZdEY4NWhzQXExdlBhQ3hnX0tlTGR2TGRkU1FMay16RXVzbkxldjVoM1BKeGZuRWRRdjRWZGJlZEV3ZjBJVnBNYmtxUDZWNmxXMzlIcXY3MlNKWVZEWm8xaWVqQ2xaaHdJLUlWcmx6SmVwd1JETlFKRllwM2I3S085eTFVMHhCOHM?oc=5
Google News (Chile),LATAM Airlines Group cierra 2025 con utilidades netas por US$1.460 millones y más de 87 millones de pasajeros transportados - diarioestrategia.cl,2026-02-04 08:00,Informativo,Ninguno,https://news.google.com/rss/articles/CBMi9AFBVV95cUxQMGMtMWZpdFBReXdfUjdIelIwZFdmQmZGTGtWV3UyM2p0VnQwLXdZLWdnN2IyRHRBRzdiRXBrcG1TRzZOZkxBSENnLWNKdGxqRk5DT1FUaTQyWW9XRElKSnZYa2I1V3lWdHNiYU9hYjk2WkY1R1pGWUxxTnN6WE91MDlNZFo0QzVtQ011VGt2a2NOSDNVNy03VEJsQmU4Q1RkX2Z3TlZfTG1UNENDZDkxa3JaaWhOU0o0TzJ1UElubVdLc3FoczNWTjNLTWpwUmNQMVhNWXh2N2tENjJaeUotRE4yQTJGakhDSG9zMVM4ZVlmc05Y?oc=5
Google News (Chile),El Avión Solidario de LATAM suma cinco nuevas alianzas en Chile y dispondrá más de 9.200 pasajes gratuitos en Sudamérica durante 2026 - Diario Sustentable,2026-05-26 07:00,Informativo,Ninguno,https://news.google.com/rss/articles/CBMihwJBVV95cUxNMXBqUWk0YnItWjVuV2gzaEZDeTgxenlWNTVYYTdGVTNONEdoSGhTUVhYVnh6NTFzbjZvd3ptTWxDcUptb0pVTFRSR25JTG14Y3pub2FWQVFTdVZPek5WN2tLR2VYNUlfSm9zeDFFSHItR1RYQ0NMZkhaYUdwOWtOVjhUVndwdXZMY2JydjJ3dkNGTlFILXZ6Yi1xZlc3ZnllN2hReGI0MGNRcGxKazRtVnFLQ1BMbVNwTThrTzhkY0I5YUxWTzhkaTlTeW40WlNkTExDRFA0eVFkbkR1UkhQcmxXV1hFSjlUTWtLRHctMTlHZDcyXzNHNUVzOVpIdzVRMXp1bW8wYw?oc=5
Google News (Chile),LATAM Airlines designa a Sebastián Acuto como nuevo vicepresidente de Operaciones y Mantenimiento - Aviacionline,2026-09-15 07:00,Informativo,Ninguno,https://news.google.com/rss/articles/CBMitgJBVV95cUxNZjltb05GSTRwbkVIQ0hpZDlMaVB2R09MWUZrZUFLRE93NUVBSXJHZEpmN3FvaWdnLV9TSUpWMURHRU85cldkM3BueXQwOWFscGNzdERrTHQ5d1pLdE5zMjBEVGh4SHpocE51WXQxdDktNjQ2NHAwVjlZM2xENjBSMDZEOWNVeERRb3ZRSS1nV2MzNzRnM1ZNLVM4eUhEQnVmeHczTGdmbXJVeU5KWGtmdklsWHlrbkZlZmRLOXZMOGU5U3J2bFIzS01BTzZQSll4U3p0NzRmZERMTlFBcU9Hc2JqV2pUdy05c3FMVi1qTXA4aTBCYlJYVWlXV3Nta0ZGaWNZZlZYOFBzYkxnYUFGTXp3NVRROHFTMC11YkNtZElFanIyYldYSkpuR1BiLUN2YWJBaFlB?oc=5
Google News (Chile),LATAM concreta primeros vuelos con SAF y reduce 160 toneladas de CO₂ - Reporte Minero,2026-06-23 07:00,Informativo,Ninguno,https://news.google.com/rss/articles/CBMitgFBVV95cUxNYWlLNWlJN3kwM3NJcHpkWVRwZWtTSzdnSkMwNnkwZmY1R3FNdnh1b0dFa3BQQTlxODNBemRLOVJ5OHBCZFB1UjFGS0hzaXUzWlJvNGUtQXA5bmpSOXVXSEpwS1J0em14T2FjUDdHekd4MnROWUZWSDVSbTVhaHJRbkwteFZPejdjTVFFekFONEIwT25KNURCQ2FEbUFTclF2d2JCU3Jxc0xzamNxTmlCUWpIdEhRZw?oc=5
Google News (Chile),Latam Pass y Entel anuncian alianza para su programa de millas para pasajeros frecuentes - La Tercera,2026-03-17 07:00,Informativo,Ninguno,https://news.google.com/rss/articles/CBMiwgFBVV95cUxNejZ1WDEyNmVDRUZSSUc2Z0VGWTFfc3llN0tncDBjVE03MWxNQmxHanlmWnl3RG9CaWhrSTc3WnVnLWk0cG42Sk1fX2RJYmQ5X1NBTV96MGZBeFE2NHpQeUhpREJIdkFGTHMyTVp5UDJkcndCSHQ1b0hmVDc0dkY4bC1DRGhPdmZTUzdMOVpiVzMxZEo2NmNQOThCcW1OVDlLckszaXBMRkZyWnJzbnFIcmppelRYRndQWFdFS0Z5YW1BZ9IB4wFBVV95cUxPN2pvQ29xYzZ5SWlQTV9nZ2pHcW5ZU2EtSllJRG5ISzlYam4yX0RfeFV4cWlDVldHazRhZWNCVFJ5alRhY2RqNzdUVGozTjRsT2wtMGEyRW1YYjNaN1V5QVl1OVFhN0FMakJGc095ZnJXNUh6N18zdlUxOUN6aGxSclhCZ2F5RDItY0RfTlRSQldQeEUtVzBFN29XclJ5Z1pPTVpYd2pGS0dOV01Ja1lDcXFVWExIZDhxX2VCV0NJT0NxQVFlejhhbnYzRy1sbXktMXdUazhfRUdOcWhwQjFXZm5ZUQ?oc=5
Google News (Chile),Vuelo de Latam que iba a Punta Arenas debió volver a Puerto Montt: bandada de aves chocó con uno de sus motores - Teletrece,2026-06-24 07:00,Informativo,Ninguno,https://news.google.com/rss/articles/CBMisAFBVV95cUxQbjBDYmV0Zk1fS0MxZ3dZTkYxdUZXVFd0dEhOQ3ZXTEdfUldzSm40b21VcWJOamVmU2pOT2FrSjFHMXd2aXF3a3QySGhGT0lPZ3B4NjBQNWlKZy1EVmRwRjZLSVg3eDZEU3NOemJGRkZsbU1zVXhVNnMzN2NQbWJ1eDFCSjhrR0RKemVUeko4aFF1VnJZTHo0Ykk5alZTNG9hQzJ5U25hN2VlOXBfYVZLLQ?oc=5
Google News (Chile),Latam fue reconocida como la mejor aerolínea de Sudamérica por Skytrax - LaRepublica.co,2026-09-23 13:55,Informativo,Ninguno,https://news.google.com/rss/articles/CBMitAFBVV95cUxQRTlBd0VtUVJhZFdMNUFCQ1dxWC1QY2pHcThOS1RmeGJhTFhYeFRKSTNDNGpQLXBObVVtWmZpeGJQcUhwaVNMaklVaFhieG5rYU9WUEVnQnU3MmNsNHVvTG81YzcxXzljUUlWOHZ0SmpfVHZXMHNqSk1kU0VpZWw4Uk5TazRmNVpkeGlaSEkwQ1BSUWJhWmZCaTBGMFpXUHZIUmY3NDlmNFVQNW9GSTY4VWlIX1I?oc=5
Google News (Chile),"Operaciones domésticas de filiales de Latam Airlines Group, entre ellas la de Ecuador, crecieron un 5,3 % - El Universo",2026-08-09 07:00,Informativo,Ninguno,https://news.google.com/rss/articles/CBMixAFBVV95cUxQUzRVZUV3OGZBM1FvWU1pemxTVVp0ajBhSjhKOGVvNGhKZGJ0alhwWnJVSkg3UkRubWhUUi1OdlZEbkl0eE5qZjhmdzJMX0NfVGt3NWZuS3lIbGxrNjcxVkRCWnQxNnFmUF9JcjFLMWVNeEhhRlVTQTNCR0VZX1NVTFZpVlcwelVhcFN3MXZxRVJRQWh5azF0SmhXRmhLZUpqU1NBbjZDcThhWllOOFh4SmhzVEZvRXhKQkxodVNVRVZVOWwy0gHYAUFVX3lxTE1SSnJXUk1WRGFTS2hldkthcHhNQkZRcGY0UlVubHN3Tk42Vy1MaGoyaENJUEhIUmlSZVp2eTE0MzNvRUxSZVp5UGd2Q3Nvb0Z3U3lBZDk4OWhrXzdYZFZuT0VUbG51Z2JHSlBVWWwzakJtYlp1YzRKSVozMGZEc3RPX3BpaDRQUjNQS2FocmVuRThCRjRkLV9VTU9feFY4My05OUp1YU1hNkdLMEZQUWk0V1JzdlhOeHdtV3AtMk1xZGFGRWlHbkdWOHluVldGbDUxQU9GS3V6aA?oc=5
Google News (Chile),LATAM implementa importante innovación en vuelos de larga distancia: ¿De qué se trata? - meganoticias.cl,2026-04-01 07:00,Informativo,Ninguno,https://news.google.com/rss/articles/CBMirwFBVV95cUxPYjlESWh4eGNaWnRYaWVzOHAzQ0hiVmUzeGZjaXpTY1N3ZFk4aVV3YVQ4Mm9sTGVQOU5CNEhULXRLa3M1TmNkZDA0REUzRWVYUlJSZmY5MUZZSFNlMjFvRzNDV05wSERzUkZ3RDdtS1d4WWNVcFZrbjJqZkt5YmRlWlJkNHJhWDY1UGhHZko1Xy0tSHVuaVVhT2FKcGhvdHo5NFJKWDBNLXM3M1FWS2gw0gG0AUFVX3lxTE9XRmVlSDVXLTBnWjNWTXJxaklzUmdCUW5rLTFRRU1VNUs4NDc2a0JKdEhCY1c2SFI2QWN1a0w1aEh5bC0wenBFaU5WV0ZTclU5R1Z4SWlzQVd0eUZ0MFFBeUVwN3VaNVZkSjhPUkQ0SEtfamRZSjYzUV85RWsxbnRVbXBRSTlkVHIyamhUYWNGNFRFR1hQcFJJb3hfRW44dFVxVnJPR0NXalB1bTFtZWZYa3R5dg?oc=5
Google News (Chile),Apertura de Ormuz impulsa a LATAM Airlines: petróleo cae más de 10% y mejora las perspectivas del sector aéreo - XTB.com,2026-04-17 07:00,Informativo,Ninguno,https://news.google.com/rss/articles/CBMigAJBVV95cUxQTW9ieWcxbFdOMG9SampxZUkyb0N3R0FiZ3RGM24yRUNNdEdUSmZsMzNDUUJ4S1FZRl9raTFUR19tSFJnbENxdWNlV2hCQ0JHYnd5S0NHamxKck5BVkN4RDJjeW1rWDl2aEFTRm13WjhLSEYwTUFxZEh5TFdjSEdqbVRSbzlxSDJVZGUwdERQTE9KUExWcHBsSW9EQzNwdnYwQURUU3l0dk5UeWdQOWJPZjBfQlV0VVZQMExUbUdRd3huUXo2OFo0d2w3R1hGeGR4V2J0TmdoZTRzSlU2NGVhcm5iT3VuX1BQYmlkcHUtRzJGQnJVLWh4ZzJtNHRlUGda?oc=5
Google News (Chile),Ganancias acumuladas de LATAM Airlines Group crecieron 49% en 2025: transportaron a más 239 mil pasajeros diarios - eldinamo.cl,2026-02-03 08:00,Informativo,Ninguno,https://news.google.com/rss/articles/CBMi9gFBVV95cUxQeVVnY3JaMWlIVU1rVlN4LTR5TmNESzA4SHo1RmJDc3o3N3BxZWpBYmo4RGg0TXBRZGR3YmJZQnRQbFFjMzdJdkpCSTNpNjFNOFVOd0pleUpKSVF3VnRyQkFydFdmR2lGbi1NeHZlc0ZkdHZRYzR4MVAyOUhjS2Y4X3JhY3V5WG5BWkRJY3A2amZ6MHhEc2JJa3cyaEdudUNNV0RFSjBRdHExSkRodXVSdG5xYjJueUtMVVF5YVduTUJNd2dPRDFaRDVCRXZqUFRSRDlXdERQcWMzaVpaajNpQzV4MUpkRHRneGVjS2tDR2w3Tjh1T2c?oc=5
Google News (Chile),Descarbonizar sin despegar los costos: las apuestas de LATAM para reducir sus emisiones en una transición aún incierta - La Tercera,2026-06-22 07:00,Informativo,Ninguno,https://news.google.com/rss/articles/CBMi8gFBVV95cUxNUDhpQkFsV3EtN3hUSGh4SzdrZTl5Vi1QbXhXRk9QZlIzT3lCNWI5ZVVMbGJQVVd1bGdNMHBUb0hqdjM3anJka1JMRnhIZjFHNlNYN2J6LU9aaGtqOXhlazVpdjVSNXNSUUNUd1QwQVpDM05IMGFGSWJGTzlrWHNVdXQtSFJGV1g1bVAyTW9JVmZqRENzekZ4aFVIeEJON09TeUNqOGtqa1gyYkxRZ0Vjb1ZNeVJMcmUxTi1KT1hKQi15cFpNMjV1T1JMeFZsMWdYYm5laGVWWm1fSlpxLTc2NTRNTjV3VTBfcTFUdUM1STNWQdIBkwJBVV95cUxNbWEybkpNR2k5dEhuWWphd2hXOUtlZ0tNNm1QUDlpdE0tZ0VpY1JtZ0FqWnFnXzI3M1p3blJjT1JOeUY3S0tacE9SNHdqTGFwSE1qcEtFMjBiYUotVUlTcFFPUThJYml5U015SFl4bW1BNl8tRDJTanJhbXUyVXV0MmtjYXdMMHpVUWRoM05Ca2hQWENRd2FCWWtEbXloRU1iZzFoWEJZNU5rLTRBMTlyeUJDNU9QU3pJc19fZ240OG9WZ2Vib2M0QWMzNjMwTXp2XzVYN1BMeDBVM0Z6MUU2UVZEc2lrVm1aZ0c5YzJpWG9lY1FIM3NJeE5MTUtuaEpNcUs5MjdWSS1NeFpoY1BfQzNDMA?oc=5
Google News (Chile),LATAM concreta sus primeros vuelos chárter de pasajeros asociados al uso de SAF - ExpokNews,2026-06-23 07:00,Informativo,Ninguno,https://news.google.com/rss/articles/CBMijgFBVV95cUxPbnJneV96ZTFoOWwwN1hVM3IzNkdqRXJzdG5LRUx4WEJhV2VtN1ZiS0NMY3Q4Tk1ZSXoycE1UeG5EYXN0SUd0OWc2ZE56SjNwa2R2bDEtU1A4ODM1YjZUZFg1a1k1OE5xYm5BUXpVS2ZtMkw2dElZQjlNRTYtZXN6Tm9UMTVNYnhYc0RyVGp3?oc=5
Google News (Chile),Accionistas de Latam Airlines aprueban programa de recompra por hasta el 5% del capital - Diario Financiero,2026-08-03 07:00,Informativo,Ninguno,https://news.google.com/rss/articles/CBMiowFBVV95cUxPRUlNSFdBWXdXVWdDNi13NHU2Q1dWYmJaQVNzSHFXMXBwbk0xTTlhaG1DdzVmOWpSVmgyRDBMclZJOGFDT3dXM21SYnZKbUtZVUFCUXYtQ1g5WlR3Y2FBbkFFSVFZUk5Tc3BpYjZTYVV5aUhaUFYxOHdhMlRwT0t4N196ejlvZzJaSDgzMG5vYTlFTEw1anpzeEpuT3BjelVMWEpB?oc=5
Google News (Chile),LATAM Airlines entra a 2026 con la atención del mercado puesta en resultados y señales operativas - XTB.com,2026-01-16 08:00,Informativo,Ninguno,https://news.google.com/rss/articles/CBMi8wFBVV95cUxQTFEwR0ZZTnNPTmJoNC1ETmNES2tlcUo3Rko2TUd4aF9fdEJ5T2Y5YWt5bWQyenNSUl9UdzhKNzViVkY3VGJXNXdEWG1qTDg4Y1owQTViSlV6SVdEU1RpQ0V1OE1FZmxqUlJOU3AxMEV5eWk2ZHZ5VTJvMWhfeTVtaWRCYWE5dUt6T3dKWm03SUJrWEJZanMtcW5HdWlxUnExZFRVYmNtLTVVcWFyUEYzeTRlVi1CSVFaSUl2dEZlRXNDRkZaXzZETHpwRFlzX1ZseWQ1V1B4NTl3TzZ0TzFxY2l1LW9RU21xMldxSGtKWjBZem8?oc=5
Google News (Chile),Se extendió el alto al fuego entre EE. UU e Irán ¿Qué viene ahora para LATAM Airlines? - XTB.com,2026-04-21 07:00,Informativo,Ninguno,https://news.google.com/rss/articles/CBMi3wFBVV95cUxNQkd1YV9KVEs5dWFDRUprd0xpbGVYTFNHeWZmSlY2Q1dGWEE0Uk8xZl9uN2dTNFMwSnJTeVp5Ty1jUEFpeDZXQmd0VEktUWp1My1GWkkyVkxaMFZROWg3MkpVcVdSc2RVTGE0MzBEakt3OUpkZFB5WjdVUkZRMFk4bEt2djQ1OWc1b0dKVnB6RW1RU19IaU45S3JtbWRRemt6anB2UjhsWnpKUS1zTVdTdzgtS0h2MU0xbEZTTlNmcE5veGVMM0dWaWR3a1pYY1VOV0pjTlVmRmlBWDhuQ2dv?oc=5
Google News (Chile),LATAM sumará 40 aviones y llegará a 410 en 2026 - Chócale,2026-07-25 07:00,Informativo,Ninguno,https://news.google.com/rss/articles/CBMigAFBVV95cUxPUEUzcFBLR243eDRBemZ5ZWtTUTZxUGtnVTBUYTItLTdVQjQ3ejhlcHBOTF81XzR2amNxUGtEcTM4Q3NRc3hRMm81VHJtUlRmSkpKcEdGMk1MUVBOckEzS0ZTVFIwVFpmV1RRcVpxYUhVVjdGbkZlTVUwZzFlYTF2dw?oc=5
Google News (Chile),Utilidad neta de Latam Airlines creció más de 49% en el 2025 - Forbes Chile,2026-02-03 08:00,Informativo,Ninguno,https://news.google.com/rss/articles/CBMinwFBVV95cUxPQmhIcTgtR2s0TDhoTXphWlhaYkRiaVhPN2l6LU1zNVVLSnBMdmJHWEVNa3NkbnU1RG1XcGthX2NZaEpERFludkpueVhTRlJUSnlVNFQ3eEtNNkwwUXI5QS1zdFRLaHp6eUN3ZXBzTndxaE43NUZRZTlqdzdhMFhZSVpNQXFxLVpyU0haZ2lINndmT2tiLVJlMktlTjZSaUU?oc=5
Google News (Chile),LATAM Airlines supera previsiones trimestrales y ajusta su guía anual por alza del combustible - bloomberglinea.com,2026-05-05 07:00,Informativo,Ninguno,https://news.google.com/rss/articles/CBMi0AFBVV95cUxObDZxMmVZWklDNDZXWWdCU05VZmh3bWZsa1ZNSk5UWk4yd2llMGFOM0FIUFhKMEVBN1VVZ0xzVEhkSUZTRGFFekZXYWtFaHd5YlhCRGQ0TkhKX0JwNkc5bVBCMm9tRlFpY050Q3RWWFdxekR3OTFtQmZSRDhSZ0psTGNwTTdlZGEtaTB0WVNHRnEzZ0R3ZUNENkhYb3g5MUd3cEtYMFZ2NnRqVkgxV3FsVVkyczJjc0JuamVodlJwanp0eXljdVhEX1EwdjBBVUJ60gHkAUFVX3lxTE5haFBFRDdna3NfMDB1SHlyRkxqV0l6ZTZZd21HSm85N0xkRUhCTnBnTDBOSW9YdllUdFhkUU85bC1hQWNCSWpPNXQyUVZPWjQwaDFWTXNUQXRzZzF0MEtYS3QyYU0yemN3YjRZbGdjUjk1QV8zem84Mm1uX09ZdDdJbkNIcTQ5SzRBN2w4eWVDTXhqYkQxQ19jYmVxaGpLQmwyamF0V01tLXJNekI1QjMyQkk1RmZLUVExdkZsdlBOdVFjcjJKRkZ6V1AwU203d1ZHX3ZMakt2N0RGeEJiSWV2cUFQOQ?oc=5
Google News (Chile),LATAM Airlines bajo la lupa: La campaña regional que exige el fin del confinamiento extremo de gallinas - AnimaNaturalis,2026-04-13 07:00,Informativo,Ninguno,https://news.google.com/rss/articles/CBMi2AFBVV95cUxOR05ldVBMYXh1SGhKV3RLS2ZSZDFuWTVUVkFmZVBFQWMtelJDNUxBVVNYZXhiN3J6M2FlRHRobC1hSDc1RFY5WTAwM2lNa0FqdHpPcnhZdlMxZDJ6TDBZOUNqbnpaamMtbDc4dzduN1BlNFhkdFN1LTVGdG1XNVNoSm9COEZfY19fdzFZOTVZeDBGTkdjMkh5THlmVnJyX0dJNUlfTW1hRzhlMWpIa2hUUWZSMmZNX1M3TUtpTDdUYXlraUVRQTg5R29sTUdieHl5Q0FBUTdRNzE?oc=5
Google News (Chile),Latam Airlines dice que la demanda sigue fuerte pese al alza del combustible - bloomberglinea.com,2026-06-08 07:00,Informativo,Ninguno,https://news.google.com/rss/articles/CBMiuAFBVV95cUxPWkRmaHQtRGR3ck9uVVBXOGstTERKY0FLdjFyTlZTZXZwOFVxb2lUaFM5V0ZhUzBOdUNvLXFUWVBBc1YzeEg4MmZGakVOTzUySnZUbkVVZGpnWWZpblo4aEFhRi1GRmd0aWxaZ19CbWs0M2k2MkhHVVRtZmNqcjRWZGhmNFozOHFpV0hXOW5CbVRGdGhBaC1hdWNfZlZqYUdLMmROYkNJd3NVRVhKWTBFSEZUekJ5cGhl0gHMAUFVX3lxTFA0TE1FZHpmeVJlVzVpbXNjTFVnNHcxU2g2UTNNVXZ0M0d0ZW1qNHoxSzZGRTNBdlJ5UHRxRFd0V0M1NUhwMGZRNTNJMTVTYVdVejMzeUFxcXZxVW5wWU9BN2NrWUpGNkdZWER4aEZnY1JDZXNyT3lIY2s5SlBkVWk1Qno2SkYtTkhFMkdic3dnRnVXT09NVlN3ZTI2anJ1eHBaU212TUp1Q0staW01WEFrcGNpYUNxYXd0NmRYbElCbnNiOXpkYU5ZQWN6TQ?oc=5
Google News (Chile),"LATAM Lounge Santiago fue elegido como ""Mejor salón VIP de aeropuerto"" en los Premios Chócale - Chócale",2026-07-30 07:00,Informativo,Ninguno,https://news.google.com/rss/articles/CBMiuwFBVV95cUxQOFZrZlR1TGVYRW9WUjg3Y0NTT0JGbDhwWFRGZXM1RktTMVNlRHVnSTc3OFRsYWI3MTRoMlJjamxFMGdXUzJOdHZvYTBLSGpVcHZJMzBKcmVHakJXRkFTYjNORzhQTm9COFlUNjNPblp1VURxTXBYMDVvdkl1RnAxSHdIMHZrLVlmdzR4NWhxQTR2RkRFRU4wRW53Y0taNkw5VTFsVkU0QURuajMzVkgzWWdzN09XQV9Mb0k4?oc=5
Google News (Chile),Latam Airlines Group espera crecer un 8% en kilómetros de asientos disponibles en 2026 - Forbes Perú,2026-07-08 07:00,Informativo,Ninguno,https://news.google.com/rss/articles/CBMiwgFBVV95cUxOYnpNbGJDQnhBdGpmektSQmZ0U3J2dTFYR085NXhiWFhrSWxIX1BQZ1daNXhPNHR3NUFZN1F0SmROeXRnVmh5czR3SFJfNUZ3VkhPaV9KU2U2TmliVGViOGJFaEcwd2o2bDhST0RJWjhaUV9fVzFCY1ZUdnZKVHpSRkRhaXdsdHpQN2E1enN3ZzdjZDR6TXZ0R0pENFVObEt2eE1idFZsSnY0Nno1WTU4Mno2UVI3YjBJYUtfOF9FUmlRdw?oc=5
Google News (Chile),Presentada la cabina de los nuevos E195-E2 de LATAM Airlines - Expreso - Diario de viajes y turismo,2026-07-31 07:00,Informativo,Ninguno,https://news.google.com/rss/articles/CBMisAFBVV95cUxOZlNUVXFndmdIVnBhNUROS1BOV3ZTWnlERVJTb3JhODFjNGlMdHlGWl9EMUt0QlMtUWQ5X3BaNnhVenBxSDRvWFhjanF2aEVJeWRNX1ZGRU9TZ1ZjREp0VE9IUXZuTnJpS2hpeXA4YkVzQWpKUGIzV2ZXUFBjNG9oYnF4ejVhbU5vN3A5Tmp2WUxLT2hXd0pBU3FPd25SVTJRcVpWYlFmLXJuSlRtUXFtUA?oc=5
Google News (Chile),Con 4 vuelos semanales LATAM retoma la ruta directa Santiago de Chile – Quito - Expreso - Diario de viajes y turismo,2026-03-30 07:00,Informativo,Ninguno,https://news.google.com/rss/articles/CBMivgFBVV95cUxQbU5MbVVtdkZqVDYxc0YybG1WbTZYZGJJbHc3VkpLWDhBMFpHSURLMDJSaHJiempqeW9kRWo2ZEd5bC16OUR2ZGF6aU1WaGZGWFRVampHSXNROGZzc1N0Wlg4VTJFM1RjRHNQTTFiT2ptbTFvNUJ5bG5FZWRTelBpdHBYNHlNdFhfb0stNFA5VFBsZEhxU1RCTi1sVHdDNl9tUk9kcjJ5LW5VazFkZUJqVUpWTXFsTVJoYjNBcEp3?oc=5
Google News (Chile),Latam Airlines Group concretó financiamiento de US$505 millones para renovar y ampliar su flota - Forbes Perú,2026-08-24 07:00,Informativo,Ninguno,https://news.google.com/rss/articles/CBMizgFBVV95cUxPM2FzQzE1ZFctVy1MMFZFa0RuYmRqU3FtRWxEOW1MejdCWXotQkYyTWpoWEZVUDUwT0I3UmxTZ0hBT3YtUWtueTBwNERNQlItc2hMcEdZX1ZzLXludXFoM0tRTmVhTTR4YjlwakFLNkZseDVEOWRnd1FyTWVFbU5DcC1hUmpVRFBUODRlR2hvN3RJS1lGREtPQkFjcGJFNDZJbjNIY0FfQzhoWTZmSEhZV0FjNHpkbC1xenBWWmdKNlRFX3gtX2g3enFVY05LZw?oc=5
Google News (Chile),"Los 26 del 26 | Roberto Alvo, CEO de LATAM Airlines: Sobrevolar la turbulencia - Forbes Chile",2026-03-30 07:00,Informativo,Ninguno,https://news.google.com/rss/articles/CBMipgFBVV95cUxPdldkY2F1dGlkYVI4Z3FrQ3JBQ0Y2OHlTQ2QxeVBnT2hyUVVFS3VaNVRDOXVVVS0tSWp4T2U4RWhjdnVOLWFTMUhWdUNyR240d25Uc0lHOW0zVlU0ZDBVdHlCM0tuM3ZkdnhzWGdmOHAtampCdEZfcDNWZFlCelB1T1pSWFNZUnMwc2xHdW1pbnFYYWI0RnBpNV81b3R0am5kd1dkWHRR?oc=5
Google News (Chile),LATAM suma hamburguesa de La Birra Bar en sus vuelos - Chócale,2026-07-19 07:00,Informativo,Ninguno,https://news.google.com/rss/articles/CBMihwFBVV95cUxNVlFEUjBrZmd4WHV2V21uN1ZOUklxRWJGMl9CTWRKQ1k3VXdaeXl3bkY5VkN1X0JrTGxsR0cxa2FOMEpSQ19DWEZrSDBtS3d3cUpOM0FJak5ITHRVVlVvaUo5N3JRemFTWjR3WFp5YWctVGZJXzczVngxUzhWOVgwTDhjSnpZczA?oc=5
Google News (Chile),Estos jets brasileños prometen impulsar la operación de corto alcance de LATAM Airlines en rutas donde no llegaba - Forbes Chile,2026-06-09 07:00,Informativo,Ninguno,https://news.google.com/rss/articles/CBMi5wFBVV95cUxNckNtWWJFUnJyc1lrb3psZk91eVQ4d2tnX0JEa3BuZmhxVDBaeG1nN3dPRlBwZ0hhWnZoSlVZRXBhS21wM3M4WlBaSjlfem1ncHFNUTd2RmtSeTlWTEFDeHp6SHh0WGlZNXNaZUwySWMydmJ0MUYxS0FxUVZiSnU0T1cyOUNVNW9mVTZGNUk0SFY2VzBPTGRiVk8xS2M2ckk3Qy1QdDAyZURucTczNzRta3ZuXzRNQkhwblZ5bWpia1luRzMyZUgxWWNBYXB5MGcwVERmMTlZbjhGZkFWcE1kWmNnX1pwM2s?oc=5
Google News (Chile),"Latam confirma suspensión de vuelos directos entre Concepción y Puerto Montt por razones ""de mercado"" - BioBioChile",2026-05-24 07:00,Informativo,Ninguno,https://news.google.com/rss/articles/CBMijAJBVV95cUxQcGVuNWgxeWNIOFFHMENCZ2ZFT3JOYnV4SW5PRTZmdlJGMFI0bFdOSFNrRlhKNDRwOHRLZjBQcTFRemxtYm5LRTZzbVg1X0xFUGtnSlhYQ3FCT0xWRWllbEQ5amZIMmxBU1gxRk1CVDNVU0o1a1VtUXZIeEVpVllGRjNQNnk1TXBaQUo4SzZtTGV6V2M1ZHlIdjFpRE11RHdnMUlJWkV2a19UV0YwYXJ3T1VLU3VkZnYyeXJBRlFwQkxRNm1IX3M0Z0NkTEF0WjBEMVdGTGw3WExqbGpDNGx0TDBMMmdiRVlVMW4wcWdXdDZiS2xqQTU1ZV85LTFYdzA4enpGQU5mZmpDMFB5?oc=5
Google News (Chile),LATAM Airlines Group registra una utilidad de US$ 125 millones en el segundo trimestre pese al fuerte aumento del combustible - Aviación News,2026-08-04 07:00,Informativo,Ninguno,https://news.google.com/rss/articles/CBMi9AFBVV95cUxNbTV5azNFY2VsajNQUVREalYtenFTVExqclpwNng5UWw4QUJzZlJQWUVxUThMUkl0ZUczQmVGMG0zVXlaMTFOMXY4Y3lhdFRKdjlaYU1ZenZ2anRIYlFJRmU3TEswS1Rmb2d3bFctcEVIVkFHZ2xnV014SDE3OUl2aFBRdXlQQlNnaUZtNEtnWDlJUEFFT3BOcDhCLU4yaVVpd3E1OWh4TmlTR2s0blJhWGV2R0RDVzB1ZEdwUXVQdWRWQ1ZrT051UDVQeDM2Vm5uWjBsYWxuaWFNejBFXzgzbVc0LVpXTWFzZDRTRERMMXdKOHhW?oc=5
Google News (Chile),Las aerolíneas sufren fuertes bajas en bolsa por los ataques de EEUU a Irán: Latam pierde más de un 5% - BioBioChile,2026-03-02 08:00,Informativo,Ninguno,https://news.google.com/rss/articles/CBMikAJBVV95cUxOZV9rWllLNm9Rcl81eUozS3RucGdjWE1hbFFNNU12V2NVMFZqVkRnWGpRNjFVUXV3OXc2LTlQU1FyX2hpZjJmeWFkaGcwSFNMYjgyMkNTRVMzaDhTZUJwY3NSWGNZUTBWU3l6OVNxTVBxaDQzZXBRYVk3OU8yWS0tNm90SUQ4a1dTUkZ0MFBhVWJadlFXQ2NUc0JyTXIwRlkxRTV1R1UyT3FIanNCX2NvSFItNk9wRmlsc21FTVl1VDZUVDdqdGR1ZXZCdVhqRloza185OTU5Skc0ZXEtd1JhaVNEN2RVbVI4bWN1dkM2cm92TW01dGpIRENGdExMWU9SUW1IcV9XWXlqb2NwLWRVTw?oc=5
Google News (Chile),El nuevo destino de La Birra Bar: sus hamburguesas ahora se encuentran en el menú de vuelos nacionales de Latam Airlines - The Clinic,2026-07-13 07:00,Informativo,Ninguno,https://news.google.com/rss/articles/CBMi7AFBVV95cUxPWEVWbWE2ckNxdE93c244UmhvUTlTMGhuanBCVXN6bWUwdmoyX1ZrUzh6blVJbU1lYUk1RmJURHYyLWJaNnpBa25BWHJqZGRCNHdZYjd4TDMwbmExemJERmRXZHljLTJrbEdfLXlDbzBCWXkwUUV0R1lxWmFGUHBHRUtIdG4tT25NWm55bXdiSHh3YTN0MWJZYjNfbFYxSVB1Sml0ejBwUm5KSGRCUGxDd2QwbXFWQXZ5TzNaTmlHaDZRTEFxblc3Ump0LWdlLVpGV0JjQUp6UlVVQWN2MFF2ZS01RTF5UjVUeW5HbdIB8gFBVV95cUxQQTBidnJ2QXhVczFNdFlXNWVIVE5Xa0Q0a2pNMkFHS21IdTNFdkl4T29KSVZrVjFMVHdWUzdhaHFmVF9FOTA3Z1Q1SWtDSFRQYzRnT0lpcU1Iam9BREVxU2l3ejJKVHFETFd3WVdHR2RfRnpfeXNldXRza1RRbFhRV2c0bno5Qk1NRVVkcGw1eVJzck9RQUhNSWJuTG00WHhvNjg0c2ZSSlZQX3dLcnBlTTB4UEFpUmVVdkdiRnA2a2R2OUdqTkJha0VJcjFONTFvR09SR2J6cU4xYUVLUWZrbjRqZEM4UE1venAxUHFGTUo4dw?oc=5
Google News (Chile),Antofagasta: LATAM es multada tras fiscalización del SERNAC en Aeropuerto Andrés Sabella - sernac.cl,2026-01-14 08:00,Alerta Alta,sernac,https://news.google.com/rss/articles/CBMiW0FVX3lxTE11aFlfQzQ0MG9qM0h5ME1vd2MzdGpWak9QV2tsWllWOWhNcm9kN3Q2dmpFS3BEamlQb01pT1NxZ2hxajVKd01LWVg3MjNsN292QjlUcXVob0R5WkE?oc=5
Google News (Chile),Reunión con Latam abre camino para retomar vuelos desde Los Ángeles a Santiago - latribuna.cl,2026-07-28 07:00,Informativo,Ninguno,https://news.google.com/rss/articles/CBMi0wFBVV95cUxONWlsY0VQMEVraGpJX2FNUkxrb05VQ0ZqVWVST05iUTRMVnlpaDdPTUJVcGE3MWpjdjRUcm40X2lDZDhRYzlyT3RMamYzN3R4T19yQWlIRUdHVjJZeXQyNnFCdEd0UThyNDZpNlo1aHlnbDdvQ3BWUWxmXzRJSHF4OGluMmRubUdIWVhseVgwSHlVTUhWSEx3Mk1pUHYyRDV3S09XWjBDaFB5cEltd2lNclgtMXFoSzRYZXpPUV9XaFJKNy1wVjJPM2h3RU5mWGZQQ01N0gHbAUFVX3lxTE5xaXlGX3RGendGLVlKeUduaFZxOU5uVlNZMFN0RDdkd1k5aFhWcWRCV1lzSmxWMmllYkZ6WW95YjhPZDdQbFh3SUNteHlQUndzOVVKU3NRbFJJYkt1X0EyWlhlYkxyVkpqa3ktSkkwMHkxWEJzVmVTVXZFQXUyYkJITjZscnlWY3VhQUJZejBlZk0zdkR2eEJ1b211R1BaZmJLRW16QkpKOGpjWk1ldVFLbW1BSHZNdTFnU3lvUWVvT3d1bDNUczE0bXNHT2QtOUpudkw4WGZ6RWliYw?oc=5
Google News (Chile),Latam Airlines alcanzó ingresos por US$8.333 millones y cerrará 2026 con 410 aviones - LaRepublica.co,2026-08-13 07:00,Informativo,Ninguno,https://news.google.com/rss/articles/CBMiyAFBVV95cUxQM3g5d0FiZ1pETlZrZnRuSG5FaWV4a2dqeW4xdHpvQWNHb0FtYmN3M3RRZjNpT0gzREFNaDZhcmdnNjVsOTItSnFFZzZwOXB0NFUwY0kxdmhyRkpETHYxRnlwUHNMdTJueW9uRlZHU3c1N2VLVWdzQWdfejRSQkpfYXVqbjB0Yk1wMFJuSDROak1pazM1VkN2TVJHdVUtWklQXzc0a2dWaU9SenY4M3pZTm8tMWJ6S2QzMnJjY0tScTlsb0xXMVNmTg?oc=5
Google News (Chile),Latam Airlines mejora sus ganancias y casi alcanza US$1.000 millones a septiembre - La Tercera,2025-11-14 08:00,Informativo,Ninguno,https://news.google.com/rss/articles/CBMivAFBVV95cUxOLXFmVS1xZUUtU05iQnNkRnBTNXlONk5wRFBTYjFDRUlfZmFQV0o2TGpfY1A4M1V1Y09iS3YyUVQ4cm5vU0dDbXZBU2VwemM2a2dxNFZuRFotbmdtdzJKQ0pucFRkQzdGcDFNcTVqdGFEdll6YlJLTmQ5MFpsdGJDcmdNMlQwbjh2dUZKZVZwbmYydHk5UWZEb1lhTy1QUzFnN1hHek0xc3dIZloxU1JPb3FJNHlPMDdNdHc0MNIB3gFBVV95cUxNWjJSSktzT3hGNm1nMGM4TlFJSjVfMVFneGRWdHd5dlZ3cEdPWTRhU0JmZ1lqbDkzOFJ1TWprWW1qN3pXZnZUVkhLU1VON09lb3ZKTHlUX251Mmh5VnJlcEdrRE5DcTZFOVlXVTNGX1VmYnFSS1RxMkhacjUzOTlrYTFSWEsyT3FSTkl1MVFoamVQcERLaDg2WVd2UXlDaEw2WS1HM2t2QVlCbUdKeXNObW81VFNmZ1M3Z0x4bVhxclg1Vkw4RjlCWVphQjA0UjRnOEUxX0xwaER0YmhpZ2c?oc=5
Google News (Chile),Latam trasladó más de 87 millones de pasajeros en 2025 y sus utilidades se dispararon un 50% - BioBioChile,2026-02-04 08:00,Informativo,Ninguno,https://news.google.com/rss/articles/CBMigwJBVV95cUxONC05MUZDREV2bzYtOWF4VWd2cm9PcllTXzUwLUdBM3NLTnFKN05aWWwtODY1NjBoLUhPY0gxWTVUdWdjY1VYOS1Ud2x4Y3JiVmlPZTR4dUtzTEdkSEdBSVVHcXlDemRGNjE2TGU2QjBwLVhTdWFkUmlnT3REa2JMUUhnZG1EeEx4VllEQkxUNGlYN1Noek5lYXZBZE5vZ2NXblFrWFhoMjh0THNnRGZPVVo3cHN2LW1KX1ZRX05QVzhtcXUyTUlmRnZoNGVfRmIwZkpqNmZBT3dyaUUxNVF6ZzMzZTJTZm1vQmRhRnFJMlBKQjYzRDFLd1RsLWlOTzR3eGJZ?oc=5
Google News (Chile),LATAM Airlines reporta utilidades por US$125 millones en el segundo trimestre pese al alza en precio del combustible - Aviación al Día,2026-08-05 07:00,Informativo,Ninguno,https://news.google.com/rss/articles/CBMi6gFBVV95cUxQREUwbG1MSVl4T0tva203TFphTjgyakV1SnhOUElBT1J1dk1GWFliMWcxN1AwMW84SHBxY0k5SjREWXdCUWM0OE84eWtYeEhueGptNzBGM3FIYkFXcXYzalBUZFdpeGVuMVZGblNHVzh1TEtYUzZfcmF2MW9qV05FMnh5R0NSUVJhVWJHVVBlWnRiYnJzMDRsN1pteVBOWEY1Wm92TWpHbkdDYllUdzlfTjdzbHRUeEsybVVVRzNXMTRpNWxzQjhZWl9NMTVPZ3RUTFF5Xy1sLUZsNm5HaFV4M1ppMmNQMnptTUHSAe8BQVVfeXFMT2NHeVZLVlZjaTVkSXVobEVCVlNJV2hYT0VDRnBnS0U2TFd0OXdrcW5EX2ZKSFo2MU1QdktHT25heGRGS205YzVQaHlZVGdmZ3JKSGxHajZIZjVxeUxRd1dVMHZ2Tmk1MU5OR3U3U1RWbUtVTDNGdWlxTFhOVDZVb0x5QUJfNnN0NFJ0THFlTXV3T2JHckROZ19ON3J5dmEzd1hCTkZPb1hGaEozcUZMOUprclQzUVdxTHVYVy1pOHl2VlRHOXhNenhnRjlHLWxtOWJiSGtKLTZMTWFPQWhNNU9BU190TU9PZ3gtZlJpdWc?oc=5
Google News (Chile),¿Por qué Latam distribuyó US$40 millones en bonos y quiénes recibieron el beneficio? - eldinamo.cl,2026-02-23 08:00,Informativo,Ninguno,https://news.google.com/rss/articles/CBMi6AFBVV95cUxNckNiWjVwY3NHdVBRVFp6YmVJRl9wUkZYOXR6YXlWN0hETE9JRVdrdDdFV0VJOS1GZ3hncHFhdkRDcDJ4OS1oeGxBU0l2U3E5V3pEUWFESHFYUjJJdjNuWFg1aGp3UEhuQ1l1bzV4MXhGeGxWQXBJVjZKSkNjcngzUlM5N2FsaEJrdDJYYmp0bl9VWUJrckNoYUc0Y0s4akY4WEF3SUs0Z0JTNXpRb20wN3ptUTYxQ0NDQ29WQ3FhX2g4Ni1iTW5KX19IY0JKSVlFWjBlbDRGSGdvcUdyN016YndwV1JFZ1Nu?oc=5
Google News (Chile),Latam Airlines retoma ruta directa entre Santiago y Quito con cuatro vuelos semanales - Diario Financiero,2026-03-18 07:00,Informativo,Ninguno,https://news.google.com/rss/articles/CBMimgFBVV95cUxQSktZM1RyTkdoMFlzWjV3RFVVRFZmbERWc3Z6REN4dmJBejl5WDljdWU4cWh2Z3VNd0VyaWp6QVZFLXlWX0wyOXNLYWFOYXVYSkJIUk1YZDVWcUFYV0R1ZmhpcGZMY2pBSE9kWldDSi1BMmk3c29NM2ZMSkVwMzRNdWx5QnBWeV8yTUwtV01INmVJSFRhSk1FY0tn?oc=5
Google News (Chile),Concreta LATAM Airlines Group crédito por 505 mdd - Reforma,2026-08-24 07:00,Informativo,Ninguno,https://news.google.com/rss/articles/CBMiiwFBVV95cUxOVXZPNllYbFJhWERFUmI1VXV6cm4xaDRVODBhY0hfUmRpM1pJWFhBTXdGdjh6a2hrUkU3OTZYbUJ0dDBfOGRxS2p4b3VONkNKQ0thMERSZUFZVkhFNEpZWWdyQzVidWtOY1Fxd21GdC1NYmNmbDJJTExXS1BWbnEzWnE3aFJLOUNrdGhB?oc=5
Google News (Chile),Latam hunde ganancias casi 50% en segundo trimestre por el fuel - REPORTUR.com,2026-08-06 07:00,Informativo,Ninguno,https://news.google.com/rss/articles/CBMirwFBVV95cUxONEh5a1ZTdEpwSUNTMmFtV3BLX2h3T3FrRjlSdjJWVGpoaTVrbk1WTG10SHMxOUhPdjQxeHpGUmM4UllNYXRvN3IyVGpFcGRTbXBxcm42XzZaeGhOT3J6ZkFpWlN1d0FkV0dnSVg1NlRrQVNFUF9NRmxLVXhpd0hEMGh0SVZ2cWRzOVB3cHVuS3F6TlVUY3IwWWE0YWNmRVVyN3VVdlZfbFBCNk8yT3ZJ?oc=5
Google News (Chile),Ignacio Cueto es elegido presidente de LATAM - diarioestrategia.cl,2026-04-24 07:00,Informativo,Ninguno,https://news.google.com/rss/articles/CBMirwFBVV95cUxQLUZ5dWJaQWIyUzBoZXhRd0Y4MUp2TC01VHY0c250ZTRqWnluQXRSbl9WelFyQ2dzSUN5MkFUcWZXT0t1bWhqcFZfQnFPY1N5WFc2d1FMRmlOOXRoMmYtMEt1a1dJZjBrOGN4LTdWY0NKOHZIbWNTT1JuZm1RYjJ5cVZ2NS1NN0gwbWNRLWNJS2VLOEVTNGI1akVWeTdkYThRSEVxWVRXZDNUUjZuY1I4?oc=5
Google News (Chile),Informe de resultados de LATAM Airlines: ingresos crecen en el segundo trimestre de 2026 - Investing.com España,2026-08-05 07:00,Informativo,Ninguno,https://news.google.com/rss/articles/CBMi2gFBVV95cUxPS2xyOUlQTTQ0UkpaalRSQUJKRVlsN0JseVVoRi01WVJWS3RYbDdTNEM3UmxzMGZqcnRVR3owLVUyRXBza0lzLXN3c0ZTRDRQdGlqSGNucmFzVGR2dUtfMHNvd09vSzF5TGJ6MzBPVkZQek9ib2FCdG5qTG5GUkxSYWhBeWJiY3N6aGNWS2RvdEVMVkpLaEstNmRFNGVxSWRZOHhQUlE2Mi1FMk5XZklqcmxVQ19GaGgtRzgxb2VtQTJsWF9sTjNOU1BSczliWW9INXZfdUlWOHFaZw?oc=5
Google News (Chile),LATAM invierte US$60 millones para instalar Wi-Fi en los vuelos de larga distancia: será la primera aerolínea del continente en ofrecer este servicio - The Clinic,2026-04-02 07:00,Informativo,Ninguno,https://news.google.com/rss/articles/CBMikgJBVV95cUxOQU5YaXF1b2FLSWFPejB1dWdQRXNrc1RmZ2loeVBxTGg1UkQ5MVFxc2Y4ek44X0lHS1N2bUxFZGFKTTF1UGVSTE8yOWpyRnlMWktWQWNwYmJZWU1ac2hzYkJzZnFucm43TzVCaHFJU2JOSS15N3EwQ2toUlpycEthQUF4MTdvX01kdzVIVWRzUmNtQloyZXJuYUJwc1Q1TzhOQ2dTU3lwWEkwcnY0dTlfM2hQV3RRQ2RQMVhJZDlqQkNZaFowazJCLWpGZ3lKMHllMnkwZUdxVFBBTGR2Z0ltUy1SXzJVZDI1ZFk5RkpHaE9VSnBvZGQ4VnphSWJYbkViQlcxODdRUlhyX2ZaeTB3ejd30gGXAkFVX3lxTE5fNnBWcVdXOE5qU01iOGNnbXZZSzZKdDlyNHBacUNNenJZVFlueGhzeEotMFdTNGpqTjJxbWZXc2JfTkxkUkxZblZyZS03VkVoeEdycWF5ZmZPenBaZlczcUI5dGtFck1oakV1T0JpRVE1WlFzb2tnN3BpZ0Z1R2YySlEyUmRDYlhHWFlQa3kzQ3Qyc3NhQzVRbWxNamxfemdXX3hmRm9yWGNXQU1oV3hvNzhuS09zZjBCYjJocHFBWHdJSG5acmZNUjBYOUV0T2RFSXVTVWY2eGdxS3lkN1MwTnZWbzJ6VXJHQU9IU2YzQUtaWmx5dkJYMTQyLVlTdnQtS1dLWTh6QTcxWWdfTGd4Nm1xQXRZVQ?oc=5
Google News (Chile),LATAM Airlines superó los 7 millones de pasajeros transportados en mayo - Aviacionline,2026-06-18 07:00,Informativo,Ninguno,https://news.google.com/rss/articles/CBMikwJBVV95cUxQZDhCYnJvbjQ2eUo4MXZpaS13dndiTDcyR0lfdXcxMmJQNUpRZEd1MTlHdTBMd2JqWnJObS1OX25MUEh1eC1OSjEyLXJKOFZxTVFWMEdPX0ZFVDJrOXhKWjRFaVNIMENLeWMxdUNtYng0ZXNIT3hpMmVFVWg4azR0YXhoMjYxMEg1Y3ZwUHNBM2VuU1p3VzQ5bERBZkxKNmllUnktTGxiWXRoSmJtN1lGUm5qY2FVaWpGd2xfYzY1LTd2c3FoRmZGRnV4MDktT1dHX0k5TWRKd2FrbzlzVGV0clUzb1Y2c1JWMVdDYlp1SVkzMWFiVFJTYjloeXdqbXVVSWE4NzJIZzlnN0lwZlNKNi1PZw?oc=5
Google News (Chile),LATAM Airlines superará los 400 aviones en 2026 tras incorporar más de 40 nuevas aeronaves - - Actualidad Aeroespacial,2026-07-09 07:00,Informativo,Ninguno,https://news.google.com/rss/articles/CBMixAFBVV95cUxNS3RrMDhtMFhYdDJVTXJQd3ZMV0M2YVFhYnJ1aXVJWjJrUW9YLVN2OTZFLW9veTAxQkNLN3J0MHAza196T1dLSEZXNHlSSFE2X1l0TDJjZnhHUTRSZW8waUlDUnFQUjZCcUpMaTlNaURWNG1GNm5uOXBIOHFSMFBUSWJOUFprWXZCUkFSNTNIZTczZjVYM3AxSmpzRURJank1MmpVWk42MnM1OVZINTNkeXNLUW1GX2tFZUdYbThCZjhIY2M4?oc=5
Google News (Chile),La millonaria suma que desembolsó la aerolínea Latam para entregar opulento bono a sus trabajadores - BioBioChile,2026-02-23 08:00,Informativo,Ninguno,https://news.google.com/rss/articles/CBMikgJBVV95cUxORTBIck1zRnRSV1Via0tuSm56TTNCSHd2YzM4V0VCYzk3ZlpoLVBHS2s4NWRXdlRVdzdMRlY4Ny1TN0U1LVhxaWZTQjlxSl9vVHFrdGpDSGlPNFBST0h4X0xOQWU4Z0FJNS1LeFliT0JlbVIyNjllYVhPWi1zU0dCWmNuNjBzV244VnhWMHVaeklicGJhWnRSdFBTYk43UGctMW9uNTgyQU5HR3FoU0piclFITVQ3dlp1X0pRSDRpSlJUaFN2aFhJT3NLV1laQXA0MzNPS3gzdy01bU9POHAza21Cd0xBQ3RjOTlBWENaSXBrTnh1Slh6MGlvSGZMeXJRV1I4bWR3SWxzTC1aVmRCUVpn?oc=5
Google News (Chile),Accionista de LATAM solicita sexta venta secundaria de acciones - diarioestrategia.cl,2026-02-10 08:00,Alerta Alta,acciones,https://news.google.com/rss/articles/CBMiugFBVV95cUxQZ3JZSi01U3JhelJwaDlLVHpVcjAzb1dZTlZCLWU3aTFjMFVtdXRZc2J5eTFwSlBYeEVCUFgya2NLOHZhdjd2RS1IcHEzNnlIblJZeUVFc1VVTlVSeExCWEZmSk42TEZSUzZuQVNUbHRTMXA2NF90NTQ0bWlkczNMR1E4Mjc2cjdkUmdpQkpqN25fR0E1dGFGY2Eyb0w4T2d5ZmdUVWc2UUhsd1N5ZUhDenZBdXJHM3hrNEE?oc=5
Google News (Chile),LATAM advierte que la TUUA de transferencia pone en riesgo inversión de US$1.500 millones en Perú - Chócale,2026-06-08 07:00,Informativo,Ninguno,https://news.google.com/rss/articles/CBMiwgFBVV95cUxQN3JUb0VXTGMwWTd5Vm5iWXlQWC1UTEdKOXN2ZWZneHA4Nlk0akFXYlNEN1NocEYxbWs4bU85eU5VVWh0NFI5cGlIZ2E4X2E2NHgtMHlJanQyUWdrV3NOWV81Wm1lMW5GaDJOVmZMVGRLOWpjSEJ0Y1I5YWI0dWZ3NHU3aW0yZG5PZFQ2eTBYSUxoYllBbF9seGxCV09mcUJlNlRfZEF1ZjBva0h6WlB6dmJrLWI0QXFBQlE1cXZkdnBjUQ?oc=5
Google News (Chile),Radiografía de la presentación de resultados del segundo trimestre de LATAM Airlines - Aviacionline,2026-08-05 07:00,Informativo,Ninguno,https://news.google.com/rss/articles/CBMipAJBVV95cUxQQXN2Q1l6LXZ6UDAzR2h6elNndS1BR2RyTXFRYlVuZVNqZHhtR2x1clhCTEY5cF9ZTlJFYllBXzF6dm4za3hwcDI1ejFKSkZ4YTlyNjBub2NJMFE1QWJ5Tzl5Y01xdEdsVGpVWTJNMVBlQXBNbmJwRUJ2NGt3Qk5BbVVsRnM4dVFROXM1ODNab0puNmg2RmY2LU1oSTV4empHOUs2QW5Pa1ZpcFZNTTVtSm5SdG45SXpQRTdrbVhzQXJUQXRaWXFuYWVmM1dfODkwcXlVbkdyS3VLUWF3UDNSY1JoV0NFMGR6TzhCY2lQTW83cWVMV1JhUTVHSnI3bTM0OXlwT0RhNF9CQ2VSLU5vVFcwazFSS1Z6S0V0cF9ZLVRhUVA3?oc=5
Google News (Chile),Latam Airlines obtiene un préstamo de 433 millones de euros para comprar cinco Airbus y seis Embraer - Infobae,2026-08-25 07:00,Informativo,Ninguno,https://news.google.com/rss/articles/CBMi6AFBVV95cUxPdWFsNnVPN0NVUTZETmV3UlRaS09sVFpIWk4yeDI3TlE2UkxsMHFBSnNvMDNndzJXc1QzT1RDNzNzLXljLUdkU2ZXSVVxVnZBalM0d0FOc24xV0ZMeV91WElSRnRCMUlPRlZsRFFEWGx3UDA2VzI0aFNxVDFYYVFRdWdoVzExcU1qTFhZTGhzay1TN2xQd0lyY3EyZ2VFYmdPVzFsVDFsemt1TXRoY2ttY0Rucmdwa0pHa2hOc3lobFA0UmhGdXRNeUMwU0lFWEV1M1VjcmtoN1RkQjVkcVI5V2pCS1E4Y09E0gGDAkFVX3lxTE9CMy1vUElUT2FWTGR4ajlWcXIxbmdKRjhVQmZTeldOa1d5N1NCY1d6NFR3SERzc2hEelR0VWRGT2Y4MG9OV0pha2lqdUJjTnVZVjlhdEw2Zm94V1pIbThSVVlaMll6alJXRlotLUNnRTd0RVdOSmxuckxMazhMWnNaR015Y0FQcXNmNVZCNTZBbzFLUnMwRXBiWV9iRVlYVTJUWGd1QWkyUUd4LXNRdjFwTXJ0bms0Y2toS3FudXRwZ0dHV1pka1NwZm9FaHJEZ1liMWRWN282RFN2R3FpRW9JYmpVbjhneHpOOGxucnE0M1NzQjFQbmRlMHRuaHdnel8zTWc?oc=5
Google News (Chile),Latam confirma el fin de una ruta en Chile: ya no es posible comprar pasajes - LOS40,2026-05-30 07:00,Informativo,Ninguno,https://news.google.com/rss/articles/CBMipwFBVV95cUxNbW5VOXNOWEd5TkZKNmN4eEJ2TFQxZjJrRWl6aURQTlJlLTJIU1VZejhUOThLMWlSaVpHT3hLTHFYMUd3eHAxcTFPd002ZnlPcFlBdks1OXRSRmt4UFF3ZzU1dWMyYmdFcTdPSHY1ODF3SkJfYWQ0Q0cxYUthU01RNEY0ZFNzNmZFZ2dDYjNuTkVtTzBCZUZpUEJYYXhQcF9mZzdVWHg4d9IBuwFBVV95cUxPWlVNVWt0Z0tfZnZta1NyUmVvcFF3MmUxZzZDMGJGcFQ0M0hYQXplSUY0YmNxdV9CRzhjSmxEWHIwcDBONjNXdDRuY3JRa0t3aDFpRlhMWmlMU1otelh6RHVybUpUOGJVTkVRakxmOW1DRkVnUnJtcTJ5dXhHRkE3Tk04amtMaTBlNVhHRmV2aXFTREJneXBwckYwVTF0LUx4MUJHaFBfdjVXOW9odDdqUGZWazJpV3FyblZR?oc=5
Google News (Chile),LATAM Airlines obtiene un beneficio de 125M de dólares en el segundo trimestre - Expreso - Diario de viajes y turismo,2026-08-09 07:00,Informativo,Ninguno,https://news.google.com/rss/articles/CBMivAFBVV95cUxPbnVnQ0p4Sy1vMnhiSGgzeHpWNW5jRkNnaFFiVWJJWHdJYXhWcmFPcnJQY3BUU2R5RUZjNFpiTHBWbzVrN0poUk5DOGJIZkJ6RUJjM3loZkNYMExqUjBpNnZtVFhpX3JxNVJmdmlBdTF2elA4Q2tvSnFTMERxZ1ZkSTF1NUdyMjY1M1Iza2plZjJMOFEweWNxa2ZNV0R6QkFVcW02WmdPcnQ0c3N3Tkotcm9KdmRqcjA2Unl3cg?oc=5
Google News (Chile),LATAM aprueba nuevo programa de adquisición de acciones de propia emisión - diarioestrategia.cl,2026-08-04 07:00,Alerta Alta,acciones,https://news.google.com/rss/articles/CBMiwwFBVV95cUxQbnlNQ1AtSUVhQVRKdnRfNXFVZGlXQWk4d1oxNWJmMF9XaGxIQl9SV0pzWVF3YzJ5bHBPOXIzaUtBalRkLVUzUndGTGZHTF85ZkdUNXRrMmRuZmZEci1KVjBBRjdaWmhLa0JDWUFoa0xUZl9oN3ZnV1VINUhONU0xWV9oWjNHbzRoUFl1MXNSbV9UbTlHNjNya2V6QzBUcWJKWGdzS3BCNTNmUWxwaGpWaE5QVnN5dVhZeEItMmVnQ09DWFE?oc=5
Google News (Perú),Resultados LATAM 2Q - LATAM Airlines,2026-08-08 17:17,Informativo,Ninguno,https://news.google.com/rss/articles/CBMif0FVX3lxTE9ibFlhRGR6d2xDUXVGMTZpZHlUV3d2aGVZLU8tdmN1NERmV21YYTVwVkNfSUZIcGdiZ1hxcGRuMnVZVVBlQUdvRUg2MVppeEczcVVwYjRpeU1XTGFITFRTdDBPbWdiSmJqQlk1MG4tNlNXeDl5WUdCUHBhVXdpZEU?oc=5
Google News (Perú),Latam concreta financiamiento por US$ 505 millones para incorporar 11 aeronaves - Gestión,2026-08-26 07:00,Informativo,Ninguno,https://news.google.com/rss/articles/CBMi1gFBVV95cUxPQWNpWUN3X1JQTENCazRsbE1nN3VRVFdPdElsbDlZNlZfeVlpd2J2UXk5SDg3eHA4d2dNd1NEUTFtQVUtcDhmelZlbmsxYkEwT1pGNFl3NHVNZmVuQnJCemRoT1FaTnB0UkZMajVOSEJfdzZ6aEh0X2oyTHBDRXl4QWtpVTMzNDFpcVlyMTZuS2htbTI2VkVmVHhtUjc2MGdpQUswOXJCd2YtdzlqbDF0MkRXSWJmbmxncnNyOWZjQmhYT0RVazNXUnRDNHVDaVVrbDV1YjJ3?oc=5
Google News (Perú),LATAM Airlines informa que trasladará al papa León XIV durante su visita al Perú - RPP Noticias,2026-09-22 07:00,Informativo,Ninguno,https://news.google.com/rss/articles/CBMixgFBVV95cUxNcGhVMVM4OXl4VXVUR3FzRjQ3U2xZSVVqRVRLLVY2aVFJY0FMQnYyZmZJbnN1ZUVBV2VObW5BdWJRRkdkNUZtZnpYY251a2hnVFg1azRVTEZHWW1xWkVxemJMMHhuaFJCN1Y2VjFqdmlKbTVST1E0dzQwOUxoWE0wbXoxcDR5MEV0YjVqVktxZ3N2RzJVa0xYRFBDYjRscUFHWjdKTGd3MGJhUE9EcFl3Nm1WdWlPdFdTRm9Mc3FLakZzRGctQUE?oc=5
Google News (Perú),Latam Airlines trasladará al Papa León XIV durante su visita al Perú - turiweb.pe,2026-09-24 22:18,Informativo,Ninguno,https://news.google.com/rss/articles/CBMilwFBVV95cUxOUVpDUVRkRnBGOU4yaFhEOXpBMU1kUUlXY2dONmMxOXM1RHY0M3BPWERQM3k2U29UdnFmX1otVHRUMGJYNEcwMjZKY0xaTEZVYnhNZlNBTzBIdVEzcE8wcVZ0Z082M3dERnlVNDZNS2lISEpybFV2Z21LRUZKVjQ0NmdfaHBXOGpkdUdGdWlFU0RSLWY4UjNF?oc=5
Google News (Perú),LATAM Airlines es elegida “Aerolínea del Año” por Air Transport World - volavi,2026-09-30 14:56,Informativo,Ninguno,https://news.google.com/rss/articles/CBMijAFBVV95cUxPREd6N1hodWRuQnptUzROak1ZRHpOYUs3eDdyZG5TSm5iTEFGU1dDNWt6Z3FpemdJeTg0WlJiWS1aSlpoNTZKZ1N5QTdqOHNqT3BDeGhlck9ZUVJudThvUjNWOFN4WGw1UlhGMzJHamJ1Q2wyempocVRVSVpIZXB2aDA3eTE0eTVkTHlWc9IBlAFBVV95cUxQVGNMeWFRUWJVXzBjaU9LQXc0dDFlZVNodVdrLWRpRWRYQ2lUbDZwUzRIWVRrOWgxVXNleEtzR2pxZGZkb1Ywdl9jS2l3TzNJR2hZNVNUVWtrU1p2QjBiLW1OUnF6TF9FeVBWbFp2b2pUei1XcTJoWDhVdEx6bVVtYkVURDd2Um16cE52QmV2VjZ3SnJC?oc=5
Google News (Perú),Latam incrementa 5.3% sus vuelos en Perú en el segundo trimestre pese al alza del combustible - Gestión,2026-08-05 07:00,Informativo,Ninguno,https://news.google.com/rss/articles/CBMiswFBVV95cUxNVVlnU25INFVpN0d0WXdlTm9TRE1KUVMxb18teG9Wbk1ReGNYOE5oNUFXQlFNdm9vM2NXc29KTm5pQWhPTm5QbUczVVZSbkZkTmEzbXU3U0haSDgyaC1TRE0yM3dPS3NOV25FdFpuQkRwd1dRdWF6b2poZWd4YlYxR1h2YzZpYWVyRmJoWHZwZHBlR1BwcWdwdDJndTBlN2ZhS205LWZEM2FYaTRXYUotY0Vjcw?oc=5
Google News (Perú),Alza de combustibles impacta a Latam: esto prevé la aerolínea en 2026 - Gestión,2026-05-06 07:00,Informativo,Ninguno,https://news.google.com/rss/articles/CBMi1AFBVV95cUxQN0YxNGhiS0k0LUFKS3FmeHNaVkZjRXJWeGh4WFNvY2NLN0VXcjk4YWJueXFwVXpsdF9Zc1NDQW9fVkxoNHpiMFk5MklVS2ZzZEpDQ3FMdk4xb3Z0d2lTZDRqcmk4eXROLWExMlg2LWxtUDFpMDRjSERnbmh3bngwcGxLOGNmc2hNeUptaUR0NVE1bnN0Z0pQU0hYdTJ2OG40WUEyWkZSME8ydDhwVEJCRGxhMV9GZEZZdFA1QlAyMjh2MEJuWjZ4YTBDS09PN3ZpX1ZZcg?oc=5
Google News (Perú),Latam se convierte en la primera aerolínea latinoamericana elegida como la Aerolínea del Año por Air Transport World - El Comercio Perú,2026-09-23 07:00,Informativo,Ninguno,https://news.google.com/rss/articles/CBMigAJBVV95cUxQeUNiYnZUWHd1OFJ2YWJfNC0zWTQyaVEzNmYzVTRZcVdEVzBoVWtGbDZZU3h1LTV5cXNOUkhVekx5d3VId25LN21LV0ZtUkxZcVRBM2JVaUt4RnFPQ0JWaVZEYk5ScmtsYWtsYk9tNXVxX2FVSlpVUVNaNU1iRjRnVDRQVF90R0dxcS1vMVE3Q1JObEtpUUt1RDhHVjgwZ3V2RkZ5MWpxaU9COVlxTm1vZ1k0NHlRMEFSVGltcXQ0SUIzR3k4OWhDdU1UdmR2RDFGZzJVYzVyZ1ZodTFJMGdvaTQtenBpMFg0bUptOUZadVp1aXBzVlFXUVdRQUdNbzM20gGUAkFVX3lxTE8wTXpWS3JRTlZnWDVtS1puRHdCa3VMcDB5UGtIbE0yOEt1NnhRNGVpOUVyckFrXzhLQ0JpUE1ybk5ieGJORVhZYUNQZ2JlcUdubmNlRVRfZlhhZTN6OU1QTERQWkF6czFqbTRGLWdmNUhTM2FKWGhOR2tHay1VRklYbFJMX3BPemFUN0J0THR3Z2t4Y0FNODZjcjZOamkxU2RaZ1EyQ3Fka18wLUxFMWdvcjJETk1IbjRXNHdwY19saDBxY0lnYWc1eFE4MUNja0NneFJrMnFLVENUUEl6RmZ2WWZ5WFh6Q0JYMVMweUJGYlJwaFJqSG82VHhPWldHTks5dm1tcjFUSk96b1FfeHItTVprUQ?oc=5
Google News (Perú),Sebastián Acuto asume el cargo de vicepresidente de Operaciones y Mantenimiento de Latam Airlines Group - europapress.es,2026-09-11 07:00,Informativo,Ninguno,https://news.google.com/rss/articles/CBMi6AFBVV95cUxNOFdXTzRYYlhtNlMxSk56c3VQLXBiMXpES2hKMHM0Ni0xcmR0RmpHbmY0ZE5YbjV6X3NSTTVSOTc2amRjaEdleWVqY2dNdDlHZHp1alBYYld2VzZIU1FZMHFET2xLcF9uc2t6TkRBaHVWUVFCUFdFYTk2WTMyQUYtdVc3czJDRmNzU0duRmdTMUEtU3dvRXhxRmM4YVFOblhoNUcyamRSSENkX25IUlVlNXJBeWtucjNlX3lNendUYXgzVTlhbVFvRHI1a0w1WVRMbWtzWGtfTjk4Y1BTRklBd3pMVnJuX1dE?oc=5
Google News (Perú),Latam Airlines Group cierra 2025 con utilidades netas por US$1.460 millones y más de 87 millones de pasajeros transportados - El Comercio Perú,2026-02-09 08:00,Informativo,Ninguno,https://news.google.com/rss/articles/CBMihwJBVV95cUxNZElqRkIwdnpfR0xsbDl3cnp5Q3htYXJsY1VGRGM5YXpGTy1JRnVWdHdpUXZQUWtqaldRdE9hdWJCX2dVT3QtV3NBZEZPamNORHhsWGJhX3JZSVJMcHJ4YmhqTUZGQWZ2aXJuYU96SUNWVFNxUFF5cjZNSFN5SW52X2p0VGo4UmJnOGhnczdNRDNRdUExem5GSE1lY3IwaUdXVjBsNm14bDl6dmhxMlFmNWlhVENELVVwME5YOU9Wa2NZbVFOUkt3MWdKYVVsRjNwa2xTV1VOVG9iQjh6SS0zOTBiQTNja29ZdlhPZDVEYlJ5b2VWeHdvX2I1a1l6LVBPd2JCR3NwTdIBmwJBVV95cUxQY21LOWxMRWJRRk5hSm1OSGprMUhxVXd0QlFDNWUwLVNqY294c2wzZ05BbFV0SmExSjVBcHd5VXIya3VyamNpaUhOMlVaLUUweDZqbjVjY2RuTXBoNWJqWVo5SWEzN2kyTmZWUjNIeDdWODJETFVKLXBVQmJqalFoNVBQbXlxZEVJaUNWbWkzVzJtdEpmVmdZaWhUbDhkRmZONWZBcUJ4cGVYWkdfSGh6cWIzSnh2VW1wNWlVblRuOFB2N0F3MXRYYk0wckpxX0l4VVlwb0h5OE1SbUtHNTFtUlptTUV3c2FVSFFqUXpIN1Q0cTFCQjNkZHNWOXZDUFlLYWg0aU80c0xrNklxWV9JUXh4RnJPRkVEdVFF?oc=5
Google News (Perú),"Roberto Alvo, CEO de Latam Airlines Group, fue designado presidente del Consejo de Administración de la IATA - Forbes Perú",2026-06-08 07:00,Informativo,Ninguno,https://news.google.com/rss/articles/CBMizAFBVV95cUxNdmFPZ0RtWVk4MHZWN2tMZzB4eFBjV09KU0VtRVhFbW1QS3IzQTh4ZGZUOUdWSUNsZVBuLVozVGFXOXNwREh2eUFZbEt6ckhZTG9lRDYzdmRSVjJ5eUxsV3NlSjlOS1p6Qng4TU5hbjFfSWJINF9QQ25KdVpvd0E4MktQZGlDUk0yRTlqX29BOUVSbDlYb0dUaXlTalpfekZ6V0VmX3l3Wkp2czg5SjF3LUF0VGJBSHhBaHlWZnN2M0JrNzdhUjlvMG9kXzU?oc=5
Google News (Perú),Latam Airlines Perú alista la inauguración de su Centro de Mantenimiento en Línea y ve potencial de crecimiento en el mercado doméstico - Forbes Perú,2026-07-01 07:00,Informativo,Ninguno,https://news.google.com/rss/articles/CBMihAJBVV95cUxOR2UzVGY1cHpydEpnbFk2MnJCWkZBZE9fT1lTUDlseEdpd2pQVl9ZNVpjaE1mZC1LYThmb0JFMnFxWlNLVk5FUnJGRUlMMkNxZ21fMUFSaGV3QjRNMHhVaVppZ2VJZnNDb3J1TFlwRjJYcDNvVzlKZjdqRHFZU3hrZ1NEbDZuQmJuRktRRTM4SUJkSTRTcS1jNXpGM3pTeXhSd3BiMU15X1dEbWdyRFZCZTZHN09NYTQxMUFOR2ZaNmpRRzRTX3Zrb3c3ZXZYU25GMTBMc3BPT1BhZTVmenlWblpjV2R5R1BIRzM2Y2RpTk51bFkzSUZ0LXBDNVIzal9vbDFuNQ?oc=5
Google News (Perú),LATAM Airlines supera previsiones trimestrales y ajusta su guía anual por alza del combustible - Bloomberg Línea,2026-05-05 07:00,Informativo,Ninguno,https://news.google.com/rss/articles/CBMi0AFBVV95cUxObDZxMmVZWklDNDZXWWdCU05VZmh3bWZsa1ZNSk5UWk4yd2llMGFOM0FIUFhKMEVBN1VVZ0xzVEhkSUZTRGFFekZXYWtFaHd5YlhCRGQ0TkhKX0JwNkc5bVBCMm9tRlFpY050Q3RWWFdxekR3OTFtQmZSRDhSZ0psTGNwTTdlZGEtaTB0WVNHRnEzZ0R3ZUNENkhYb3g5MUd3cEtYMFZ2NnRqVkgxV3FsVVkyczJjc0JuamVodlJwanp0eXljdVhEX1EwdjBBVUJ60gHkAUFVX3lxTE5haFBFRDdna3NfMDB1SHlyRkxqV0l6ZTZZd21HSm85N0xkRUhCTnBnTDBOSW9YdllUdFhkUU85bC1hQWNCSWpPNXQyUVZPWjQwaDFWTXNUQXRzZzF0MEtYS3QyYU0yemN3YjRZbGdjUjk1QV8zem84Mm1uX09ZdDdJbkNIcTQ5SzRBN2w4eWVDTXhqYkQxQ19jYmVxaGpLQmwyamF0V01tLXJNekI1QjMyQkk1RmZLUVExdkZsdlBOdVFjcjJKRkZ6V1AwU203d1ZHX3ZMakt2N0RGeEJiSWV2cUFQOQ?oc=5
Google News (Perú),LATAM Airlines Group cierra 2025 con utilidades netas por US$1.460 millones y más de 87 millones de pasajeros transportados - Corresponsables,2026-02-06 08:00,Informativo,Ninguno,https://news.google.com/rss/articles/CBMi_wFBVV95cUxPa2dlRzRHTExaekxLbE8wcXI3Y240a0x0Yjkxc2pWcXU5dGVESWRPTXcwTmNic3Z6MTFoUnlTWDhsanY0TnhVSnhQWjh6ZVNOMjh1amtVWUpsUXRsakMtZ2gwNzZCeVo1QU9oQ1ltekx5eU9xZEJBUWlOX1hiQ01PYlJ6YzFDbEFPdUQtY0NNMTFWU0RMU0huMmFZLXJmOFlJclhyX3lOdFhmYmRGZGZaa0ZaSTllRUFFRU9aa01obzRJWWtMNjY5SFR0MXNVWVVwUHVTWmVqX1hqMkw1SlVPRnJsWDd6aXU3UlRpZndIMjhNQ3RLeC1QVHJSWXhoZG8?oc=5
Google News (Perú),Jefferies inicia cobertura de LatAm Airlines con compra y objetivo de 70 dólares - Investing.com España,2026-06-18 07:00,Informativo,Ninguno,https://news.google.com/rss/articles/CBMi1gFBVV95cUxQYzg0bFFBYW1OdEMwWUl4S1Z6Ukp0UVhvLXhqWG1Xb3RONm52bUxqSUg1N0lIOFk1blQyTUUxc2ZfcmhyN2drYkJsMFV3a2ROUHROWUVBN2xUX2NCd3IxbGFxWFV3cXA1OWUxb3YxTnJIZ2FUUUljSko0TEdfX0hGY2dnNmt2SVpqckxGRGZoY2hOQkZOaklRbHNnV0Y0SVZJZVE2OENtNlFNMU04WU1LRmN4VUFFLUk3Skx2elRGbVVPb0N5eDR3NzdFLVR5OEhOVzN0LUVR?oc=5
Google News (Perú),Latam Airlines dice que la demanda sigue fuerte pese al alza del combustible - Bloomberg Línea,2026-06-08 07:00,Informativo,Ninguno,https://news.google.com/rss/articles/CBMiuAFBVV95cUxPWkRmaHQtRGR3ck9uVVBXOGstTERKY0FLdjFyTlZTZXZwOFVxb2lUaFM5V0ZhUzBOdUNvLXFUWVBBc1YzeEg4MmZGakVOTzUySnZUbkVVZGpnWWZpblo4aEFhRi1GRmd0aWxaZ19CbWs0M2k2MkhHVVRtZmNqcjRWZGhmNFozOHFpV0hXOW5CbVRGdGhBaC1hdWNfZlZqYUdLMmROYkNJd3NVRVhKWTBFSEZUekJ5cGhl0gHMAUFVX3lxTFA0TE1FZHpmeVJlVzVpbXNjTFVnNHcxU2g2UTNNVXZ0M0d0ZW1qNHoxSzZGRTNBdlJ5UHRxRFd0V0M1NUhwMGZRNTNJMTVTYVdVejMzeUFxcXZxVW5wWU9BN2NrWUpGNkdZWER4aEZnY1JDZXNyT3lIY2s5SlBkVWk1Qno2SkYtTkhFMkdic3dnRnVXT09NVlN3ZTI2anJ1eHBaU212TUp1Q0staW01WEFrcGNpYUNxYXd0NmRYbElCbnNiOXpkYU5ZQWN6TQ?oc=5
Google News (Perú),Sebastián Acuto nuevo Vicepresidente de Operaciones y Mantenimiento (COO) del Grupo LATAM - Avion Revue,2026-09-14 07:00,Informativo,Ninguno,https://news.google.com/rss/articles/CBMiwAFBVV95cUxQWHpUaTYyR1FxTGFfM3M4Tll6V0FCSUFxZS1xSWx3UnlnRXBPUTZaYnNhc2pKWnhNRWRlSFZuVUdEazd1Z1BUaVZUX0N3MDF4a1ZkeDdmWEtXWDJocTBtZjBQdHZPcDZGd3JZbEpMUGVja3d0Ny1PUmJXTnBBUVVyRDZkR05rOGdPeVIxeDZlb0E5RUUwZzJMR1lzNEdQN29sM2RUemgyM1g3WEptYkJhU2IxLTZFdzk0QWp2MWloa04?oc=5
Google News (Perú),Planes de Latam en Perú en evaluación ante presión de costos y política aeroportuarias - Gestión,2026-04-09 07:00,Informativo,Ninguno,https://news.google.com/rss/articles/CBMi4AFBVV95cUxPb3dmSG10Q3JoYUFPWkVIUkNwRlI2ajhOM2F2WFNrdld1Zy1DWTFlODdCTjh0Und2cE5YSDVIMzN1LVFXYV8tR2RNeVpRUE1OV0l6dkIzY0JMTmlnRGlEV2Vqbl92RVBpNDc0ZHVJYXRZNGdDWXIxWDVQM2hiRGVYU1JTVzB0a3FmOURlMFFOaGdlUzI3WlBodXM4cFVmU21FWEhXYXgzY2pIQlZkSlRJRE9udUNlNnNhcVY3ZXZNeWRlQ2R2dkt2aklKMWV2Q0NINmxkSnNYelIyanFSVldhbA?oc=5
Google News (Perú),LATAM incorporará más de 40 aviones de última generación en 2026 y alcanzará las 410 aeronaves al cierre del año - Corresponsables,2026-07-15 07:00,Informativo,Ninguno,https://news.google.com/rss/articles/CBMi8gFBVV95cUxQTmNqUFFtUHZaRjhsSFF0STBkZVlqc19YSmF6UDVsQ01XUlhrME9SUl95NFFOTFZmQjVROEhKNW5panRJaElFd0pyRVJUOVJYYWZ4VHg2eXcyalVNeHJxLWpQaTBiQ1c0YXFSZjVScW5NOFRvS2FoLU9Hem1sWGI0SFBia1lfa1o2c2M4Zk1vMUxwX2hfZVhMSTZxakF2VUp2Y3k0OHhMQ0pBVFZpUmlZS01nMmhTbFZ3OVJnOVFldmdUMEpvMTBPTW1PdlNpS1VrMGdmT1BqWWNMWGFTSlBaaFBJVUZqUHVPOURXS1lDTTFuQQ?oc=5
Google News (Perú),Acciones de LATAM Aerolíneas caen pese a acuerdo de financiación de 505 millones de dólares - Investing.com España,2026-09-14 07:00,Alerta Alta,acciones,https://news.google.com/rss/articles/CBMi5wFBVV95cUxPYUMyS0tWeGVIWEwybHVqNzAzNThOS0tTVm5ISWtJYkdHNFozSGppUmhuOGR2YkFINXB6bkc1eExIYTVBY0FUWXNtaU9ULUJTOTFWWXU5VHQ3RFMwME1tZEFYOFBJTFdzd3YxVzZ0bXo5NS1Bd2JYVy1iTVVHOVBUTnVia0hvWklGQ25uTEV4WG9lNmFCLWtSSUFHajZPMFZLbHgzOGhqSVBRZHFoN091ck8wSGRaNllxWkFVcENXVktVSGJidllhMmM5NWQ5UWJNcWhCVnJKRzFiNWFfT05UWXZFdmNBVEk?oc=5
Google News (Perú),Latam Airlines es una de las aerolíneas con mayor flota del mundo: este año proyecta alcanzar las 410 aeronaves - Forbes Perú,2026-03-17 07:00,Informativo,Ninguno,https://news.google.com/rss/articles/CBMi4wFBVV95cUxPLXJPdjFIbnUwVUhNQUFwY3J2cmZPWTREMVVVMHFYS0xvX3p0bXoxVmpVYlZLZkI0WHhYQUxYNnhGem81RjN1Z1VYbUV0OHN2d2JxdGhEUk1FMHBSQkY1Zjh2ZzZzNjRfTUJWSDAyREh2STRnb1NEWU1nLVJKUlBmMDVQTzc0bGdIMW03bVNwNEpDM2todmNMWlZOX3gtaUpIbzJQdUl4aDJBTjlXa2NGSTFKZDlOZWVIUVFBdnMxX2x6R3JsZGlVTkZJMDNha05iVm9uLWJ2SHE5b1kzSmFKUGtGMA?oc=5
Google News (Perú),VISITA AL HANGAR DE LATAM CON CONTINENTAL TRAVEL - tnews.com.pe,2026-06-08 07:00,Informativo,Ninguno,https://news.google.com/rss/articles/CBMiekFVX3lxTE1XR28ydmFTYWstUGpYeWJOenRtQ0hlUlBvYmlub2Q3WkFSSU43cDdhYjZHZTlLamVyN1V6WjA0eU90NS1wc2stclQ5NkNWRG1EREhvT0ZuVHZoM0NtODBYcjJ0eFNyMnB6Wko1ZExYQ2JEejJPOUFxbWNn?oc=5
Google News (Perú),Roberto Alvo recibe premio por la transformación de LATAM Airlines - volavi,2026-09-21 14:32,Informativo,Ninguno,https://news.google.com/rss/articles/CBMihAFBVV95cUxPdXRoV205Y0ZaQUJ3b193UF9Gd2U5WldNTmVHV3ZCeG0wWDVHc255QnQ4a0l3eUd4aDd3WExiNlMzd0lWZi12TmgzY0NrUGFDNnotUDNKZGxCYnlzTG01UGJhQ3A5MmVNTmdRc0I2cmlRWDhqWUVxaEp3TkdYZWFuY0tCRknSAYwBQVVfeXFMUERsWHZxVjhOeW1KREdveXRRSUg2NlNMM2R2dVBRNU5Lbl9IVGFHeXFKeFlCeldydGYybUVXTmtaSGlnMHQzbGgycGM2bG9Pc3VUVTg5X2ZqNEVwY0o1UTFVQW03V3llelpIRVU2RTVQQWZ1eEdRX083cFlyQzdiR01Jb2p1anNDZ0xtc20?oc=5
Google News (Perú),Morgan Stanley mejora calificación de acciones de LatAm Airlines por resiliencia al petróleo - Investing.com España,2026-03-26 07:00,Alerta Alta,acciones,https://news.google.com/rss/articles/CBMi5gFBVV95cUxPaWdvN3NHUHVZRk5ob1VlWDhkYWNpQWlNVG9zZWYwbENFSVc5X3pqeXhFR3NuUUlXeW0zczBaZVNBTGNsOUR6QV8yUTN0ZE1wZGdnSlJVY0JZM1RweUhUWS0yN3F6emtTZWtaU3BjalE4ejZub2c1aThHN0FCdENTSEt3VHR5VUlpLV9hTDdoZUp2VDhGNzB6UVhudVhWeC0zcmMwWG9zTjRlUjBiUlFJajhRdHRVaXlhSnNOX3M3RmNMRl9pSThueUFhSmNJUXJlQm53VEtSNC1FdkExYjAwb1U4b3ZqQQ?oc=5
Google News (Perú),"Tras salir de la quiebra, Latam Airlines repunta 76% y lidera entre sus rivales - Bloomberg Línea",2026-02-28 08:00,Informativo,Ninguno,https://news.google.com/rss/articles/CBMiugFBVV95cUxNd2RHODQ1UnBYTkJjMnpibXVDVG9HTldxZDRxNW5lNnphbUgyQm9TWkhlRE9nTU05ZkVhMWcyY3FpOGVhc3VTZW96eW9HOEQ5TzZONkV5R3B6NlRlM1pDb1JZakhxWDA0RWdjT0l5Y2ZTQlM2Sk5ibWQ5aHNrLVpCZTUwblhOaDExN1NjTFVfMk9jcGJKUzNVUUxscmhmTXJJbTZHQUxGRnlsUnFkeFpvMjlKTFNDMldSYXfSAc4BQVVfeXFMTnUtcjE3NEZhcTkzbWNqV2g0eDFRaElOeUpETkNIQzYzdmZ6VFBGQVlHU0ZFTnF5TTZqRm52LTR1X3RsYkh2VTdtbjhrcUJqT3dCSTRrTnpkZzd3VDUyYXZUb0ExWmVHcnJ3MVZWNmlSY2phb0tob1BTUmpTVUxGYm12ZV91V2ZMVGY5aHVScVdmVlpSaXJMT0d0YV9pbHVQcW5wSG5EZVpVMnA5NUlsZ0gtdHpkVlpkWUJ6UldteldVRTdTRm1uUHRWSGg0Z0E?oc=5
Google News (Perú),“Pagamos el doble por combustible que hace un mes”: CEO de Latam Airlines advierte impacto en tarifas y crecimiento - El Comercio Perú,2026-04-29 07:00,Informativo,Ninguno,https://news.google.com/rss/articles/CBMi5AFBVV95cUxQZWpSZzNYNnpuQkYyS2V5R29Qd1pCZGluTS0taHZyY09Da3U3Nm9vOTVwa2FPZjRCZnpsNXNOam84OFUwa3BiTktrN1RydURYMW5nYk1JMldWZjFHVkd0WE4wZl9Mdnp3RTFUcnVncjNlYmJONlJMd2NheVJCalVIZElSa3kwaThmUzVHYWlqWkFIZE02LXFrUDYtWVVPdEJOeWFZRkR5cEpYeGZYcXBnSDBURF9VNFdCTS02akFzMmtldkxMWGZEa0ZHOU9sTWlzbnBYa1BGemE0RnppNXozcVZFYmbSAfgBQVVfeXFMTVUtaUF3a2pQRExSRmZyYlRpelZnUHd1SVdldG4tWWRIR05rbXRPQ2J4VTdLTlZqdzZyUmo0MHUweVYwRER5cnA4VUxrN250RlZNMGJ3LUp6ZGpyVC1YWjVMTHBhRE91bFVfbEd1S0w2WVd2YV90R2tjR1MxdG1FLUFLZkVtUUlGVURRZE8taDZTdGQ4M0hFTFk5aFBycjE3aV9LMlZPQVFoRllINzJqUTRUblVjSHh5U2VRUTdwMWV3LXhTcHZkVjZnUmhELV9nMVZHLWlpamlnRDN5RUJhaXdVd0laM25UYWFMSVZrQ3kwZHhERExYdHE?oc=5
Google News (Perú),Informe de resultados: LATAM Airlines supera expectativas en el Q1 2026 - Investing.com España,2026-05-06 07:00,Informativo,Ninguno,https://news.google.com/rss/articles/CBMiwwFBVV95cUxNcllzcEdKTWpZcEQ1ZkJCLVdIVFBwc19fNFNaZTlweEZrazhLaXpRd0hoRnJVMV9BV0NFQ0g5MWNuYmxaWU02cklIcV9lNkZ3aE41a0dISkRjTFZPS1lxSGlKM3NDUTJrMlBVX29CZW9fT29iX05uZWkxQXlEeWp0R3F4WTFvdllRQWE1XzlpTnpZbm82NGJoblpFQjNqc01wY1RvZENobTM0bFI3VkFLOTAwcEs3NUZ2NVVNR19oUmZlQzg?oc=5
Google News (Perú),LATAM es la Mejor Aerolínea de Sudamérica en 2026 - abceconomia.co,2026-09-24 08:03,Informativo,Ninguno,https://news.google.com/rss/articles/CBMiiwFBVV95cUxPclFmeV9GbEVzOFZVZzU5RE42UU4xZ1czajNGdW9Hc1BIRm9MNkpkWFRCY1FKS29QS05ydGU0TWhMQ1RLNXpKOFBLekZqLTZqVmxFU05wdUJBNnJUUWFsUFRtMDhreE9KcHZrU29VdFFTbUo1MnVsYnA2eWhacWNXNnRoc0tzaXM0aG1Z?oc=5
Google News (Perú),Latam hunde ganancias casi 50% en segundo trimestre por el fuel - reportur.com,2026-08-06 07:00,Informativo,Ninguno,https://news.google.com/rss/articles/CBMirwFBVV95cUxONEh5a1ZTdEpwSUNTMmFtV3BLX2h3T3FrRjlSdjJWVGpoaTVrbk1WTG10SHMxOUhPdjQxeHpGUmM4UllNYXRvN3IyVGpFcGRTbXBxcm42XzZaeGhOT3J6ZkFpWlN1d0FkV0dnSVg1NlRrQVNFUF9NRmxLVXhpd0hEMGh0SVZ2cWRzOVB3cHVuS3F6TlVUY3IwWWE0YWNmRVVyN3VVdlZfbFBCNk8yT3ZJ?oc=5
Google News (Perú),Grupo Latam reporta utilidades netas por US$125 millones pese al alza histórica en el precio del combustible - Portafolio.co,2026-08-06 07:00,Informativo,Ninguno,https://news.google.com/rss/articles/CBMi8AFBVV95cUxOR3NZS2RHck02RzhGWGo1clc0blRoZnZSTm50Y1BRS05Od3dBdFJ4UjBScjA3Yy16WmJTb00ydEIzSUMyVTVvR2VWalNaNkNwZ2t1V0pCZlFBcnRGajZpRmN2M1hzNGpWZ2FlMm5sRmY0X1A0YjBDc0gxdml3Z2tUWTFKSmUxVHo4Q3V5TktlN0NjMG1rQ2JnU0kwRmRQZ3JLVWNiaGpSNjRXbENXV0d2ZldmWHJHX0xhOUFzUUJqWUVmN0hoX1Qzd0I2bmxaaHlJNmd0Tk82RUhObWFNaXgxbVFqZ3hORDRtd3hHU08zZWzSAfYBQVVfeXFMTU0wLWZYTkM1U3pQX09GaWFlZkxUNnpvbEtPR29WZWFvMGdwUnNHb1FvZ01tM3FxY3RWMzQ3QnpwYy1hRzM0Nk0wbG5WV3RtblVqMUdKdVhzYWxlY2NuUExIMkwwaVo3QjAzTmI2M3VxOUdmbW9DbndNbVFhczVyLWlfb2UzcEZtQnBlb19SWkVQc1J3dHRldHJBUE9QOWlkYVhVREg3M0dSUUVfNmxyNmowcnFrNzRKNTNSMXlBZ25EXzQxNkxJUmZ6Y0ZPcGJlRWJjREJaX21RX29zUDR6RTVnM1piMkhFdV9jZm95LUdtTXA1Qlpn?oc=5
Google News (Perú),LATAM es la única aerolínea de Latinoamérica que alcanza las 4 estrellas Skytrax - Corresponsables,2026-03-12 07:00,Informativo,Ninguno,https://news.google.com/rss/articles/CBMixwFBVV95cUxOWU8wMUlvdFF3YzI1NzkzRF94NjU3cVMySnpTZmpEZFd4emRlNm5tM29GcGdZZjRkc0JuWGFaVV83M3hBc0JCc25FcHd4bFpIOFZSUUJoOFZ5Z0VQY3pYUFl1Z083S1V6Zzc3N1RGTUNBTjhJUVdkdGdCWldaOWRFSUhpWmxrS09LSlFtZlgzNGo3b25oVG51QzVvXzJMVFFzVF83SjdZbEhaU0dOWENSZGlaY3VQMlVhcl80V2RKNFhncjlSYnFF?oc=5
Google News (Perú),Latam Airlines presentó sus proyecciones financieras para 2026: su flujo de caja apalancado será de más de US$1.700 millones - Forbes Perú,2025-12-04 08:00,Informativo,Ninguno,https://news.google.com/rss/articles/CBMi8wFBVV95cUxQZWlNZXBnR2RSdWpuUWd0cWduMTJvUDlFRUdMN0pJTUpoVDE4bGZ1WkhmaXAwVkYtcDV5RWtxMmU1SW0wd094VDRJd2R6WHFVUHMtOXBQMHg0ZHIzaTcwR190TndZdTQ1QjY3a1lLUVpsdFVMcWdzT3lnVlZJX1RlUzFnWUxFYWh0czVQdUFqTGNjalBxSUM5b2FYLVJOZldjZXN4THg3S1lyLWo4bWFzaUd6cS1LRklJRnVFN2l4bks5WEN1M3NTcndQbGt6T1YzLU95UUNBU3hQeXU1UXdfTXNnMTQwY2p5NDdLTjhxY3NmT28?oc=5
Google News (Perú),LATAM Airlines avanza hacia una aviación más sostenible en la región - El Comercio Perú,2026-02-10 18:18,Informativo,Ninguno,https://news.google.com/rss/articles/CBMitgFBVV95cUxOcW1pN2VTM0NxWWFJR2Z3MlI2SmgwUk84STkyUUxtbWhuOFZTNF9MU1pJUTZYSUxXRWZ5OWp6VjlDTFJYRW5LQm03NzY5M1hoUWt5Mkd5ODZpZmwtdEpFMlRRU2VOTTdfczZORmczNFFZMy1FejN4M2s1Yko0TzNkTDQyV2ZZYnZHaGhDRWphMHg2MkM3Z0ZtRWNxVFU1SVBaZUVrS0ZFb3ZGT1RUTXhWWjNCNFFRUdIBygFBVV95cUxPcV9tNExrcUtDSUlBWWdycVhUWTZYYlp5bmg4SXg4WEh1QXYxenp2a29RU3dpM2RrYjV1RlhKSFAyUHJwM0duVGZLMHhrZVNkbGpQd1FlcGM0SHNJdG5WQjRTaW50cDh4bGJ5TGM4U0kzd1BEX3M5NXAtblM5UTFnVnZULUFRTlEwbUpvd1ZXTHFsbUZkM2ZLU1VIY0RQdmQtSUZUQjNVSDQwYlBYazlJZGJSSmgtNzNNa2RDV0xxZTJKZkV6WHFZN0xR?oc=5
Google News (Perú),Adiós al asiento central: así son los nuevos interiores de LATAM en sus aviones Embraer E195-E2 - hangar x,2026-08-26 14:02,Informativo,Ninguno,https://news.google.com/rss/articles/CBMiywFBVV95cUxNMXlUUHhmRHVSSFZra0ZKRWhwU0hfYllkVng4Nm16WVNOWFQ3cGZYZUptR1ZvdXJfTlo1RHlVZnF4VWRpM01mdDVjdmEzMWFSVTJLZWNnMW9GR3hNMXEzMW5TelRxUUpLRkhGdzVueUNpYUxOaVpjVlFEV255SWh0dC1VWFQ1d3lRVGJEbFhhOGV2M1FwRHQyLTlneEFfWFFQSHhWQURvemJfX2tPNGJEZUYxZTBzUlFRZWRiLVV3OGhaZFlUdGVQdTZHYw?oc=5
Google News (Perú),LATAM Airlines alcanzará 410 aviones en 2026 - airline92.com,2026-03-14 07:00,Informativo,Ninguno,https://news.google.com/rss/articles/CBMiygFBVV95cUxPTHAwME5MRjRvNFUyNVRrN3NReE9LZGxLZUxLQ1RMYmVPTDhWb2NkY0d1OVY5NU1rT0tlZzlfZzJCdS1yYkM4TlE1cDhyLW1Va2g1SE15Nkl3Mk9JWTRNLU93c3FqSFo2dUxCZzhWMGUtbkRzc0xkdDA0aUpQLXhuNW9nSzJNTlVOUGF0S2pGWFhLM09FTzE0TGNLR0phb1AzVU5MX3EybUNXOVh3aXBMUWdnbjJUTnpEY2tDMFdxRmlVRnVZaGZ4bkFB?oc=5
Google News (Perú),"Latam Airlines Group reporta utilidades por US$1.460 millones en 2025 y transporta 87,4 millones de pasajeros - Portafolio.co",2026-02-05 08:00,Informativo,Ninguno,https://news.google.com/rss/articles/CBMi8gFBVV95cUxNUW1JVUVRazdUNURWeTV1VG1nV2JqTl94T2hiajEyQjZ6V1hhaEwyVUo3THcwdWZwdG1laGNKbzczNGl5X08xejRfSjR1RnVJeklNNklUb1owQVk2QUVTUnRpaEJUbUNfckI1RzdqX2J4QWtjS3NLQ2ZpNjMzZUVLZjFtUFZUR3VabVpNWDIyN3hjU1JadEVXWlhhY1BmNG9uS0hfdzRIR1Zsc29aemxtSjV0TlBJUFUwdmZJT3NwQWltbUFtZTE2dXVUWnVpcEhVTS0tMDJYeGxvb2ljRjBUbWtBNU4tcktLMm1xYzlxRmJiUdIB9wFBVV95cUxQcHFUQnNIa3BQOHZjczYzSXBWZzEzWHBaVzhfeHYwUDdzUjU5VklhWFMySWFHOWl2ejQ2dXZkdnpJTG9jcVRSZmpjYTEtN21qb0RYZGZ6N3Y2NUtIVkVYZUZPbXBkd0hBb1VnaklTUm5DWGx4RWZ0ek5JQmtoV21aUjNZN0VDdGxQVjVFM2FFV1N5UUlJbGhwV3czTEFxU1pXY0p4eE1XVFkyTkVOZXhKdXY3cWlESFUzWTdidHhaakpiYVJvcW84WXNUaklkOF8wTmZTc3IwSVRlT0V1NjRCTXNIckF5LUZTaTZfRl93YjFRRnlMLTFz?oc=5
Google News (Perú),Latam Airlines reporta ganancia de US$576 millones en el primer trimestre - LaRepublica.co,2026-05-05 07:00,Informativo,Ninguno,https://news.google.com/rss/articles/CBMizwFBVV95cUxPak9XN3hUeEU4Tll3dlh1SF9sT3VibEx1bDRYTmxNaTV3dGdUZmNqOThscGtYTWwydEI1TWZqZ1FHRVZ6RjZTVVNSTGx2UWdSWnpyVnV4OHBBTk5qZ1pnZFRIVWJLb21GekxSZEprM3RncElGaEcyeURNVGtwZmRPRFJJN3lUVGota2ltb1oyNDRVbk1teGl6RV9ZTkpVZmVvTkJ3SFV0VkxOdTlsMTBmeWRsOXZMejZXTmZ3ZDY5QkpwaEFuYUQwS2p1djhESUk?oc=5
Google News (Perú),LATAM Airlines acelera su expansión de flota y superará los 400 aviones este año - hangar x,2026-08-25 06:49,Informativo,Ninguno,https://news.google.com/rss/articles/CBMiuAFBVV95cUxNNll2Z1l1OWl6UDU4cVpUaklWcW9XaXhha0ZRYWRmSkczdGVrTzRDZHZZNGFObDU4dWZ5eGgwemtyTTFYRHFJTG0wZDFWYm85LTNJbnpQQWRyUWhqTVgyNWE3VVBIZkcxVkMzU0Zoa1BSLVBpaUJTVUczYWozX1J2ZXk3M0sweExGQXEtVTdHM2tQakFDRWhURnhFNTVMLVNwNGhHcV95c3VTbERyUnFpNjFmak5aOElr?oc=5
Google News (Perú),LATAM Airlines Group pega el estirón: a punto de entrar en el top 10 de las aerolíneas con mayor flota del mundo y de superar las 410 aeronaves - Aviación Digital,2026-03-16 07:08,Informativo,Ninguno,https://news.google.com/rss/articles/CBMie0FVX3lxTE5RaHNNdkFuZGJKYUY3SDRoM0E5OC14Y1hoejBJTDNTOGZMYjdhYUNQelJtdjdyNWlGR0M5UnpFbHRobU5RS1N3alEyNzZTV25kVFZPOXA4Vl9qVlFzZGJ3czRQZENCTjJUS1ZRQWhkMnFMLUFvTmYzOXV4aw?oc=5
Google News (Perú),LATAM Airlines eleva sus previsiones de beneficios para 2026 ante la moderación de los precios del combustible - es.marketscreener.com,2026-08-05 07:00,Informativo,Ninguno,https://news.google.com/rss/articles/CBMi7AFBVV95cUxPOV9TeUd4bmlkSTAydm9HZm1FVFdvV2ZSM2RWdWRIM0JoYjJqdnh6Z00tMzFZLVNEZV9jTDZoTG93M0FJSEtMUWtVY256WGRaUmNCWlVVYnlJZUpiamlqZXlDY3p4R0M1WWxIQ1lxUVBFN0g1WTQxY3JfZXBoeUdiZlRna2tvajhZMnozY1l3blZLU0xrSFpFYU5ZZGl4aVVwR1hfYmVrbW9sNE14bXUtcjQyTV9TWVNNdnMyUjB3RHpmenZKLWJUZ2lvUENNMENVM2YzVjFJS1NoUVNXN09IT0gyS2FlRkhHczNHag?oc=5
Google News (Perú),LATAM Airlines superará los 410 aviones en 2026 e incorporará el Embraer E190-E2 - Aviación al Día,2026-07-06 07:00,Informativo,Ninguno,https://news.google.com/rss/articles/CBMiuwFBVV95cUxPQklhMlNiVE5xWV82dFZ4RTdac2NqT2RlaHFaRWhReXZ2Y2p4aXJCRVVUakZGckhtQjA5SzI1SmJPTTVmR1VfUEVsRURSTUxZdDg5M3czTDlBNEpzdlpMMFFNOXNqMWc5YjF3SkdxY3p0TldRY0ZwdElzaEhTUW45NXpxWFJoOTBKOHJTV1hiMWhYbnVscE1BcTRzanA5ZGZSWW5uQjBWQmE3TUQwbzgtQVJzXzV0NWdqeF840gHAAUFVX3lxTE5JbFRaOUxxbWlyclBiT0RZMG5LanhKWVZRb1NJaUZHckV1cFdPVE5sY2NIcUxYOXFIVjEwRC1PNVJGMER6N3hWSk5xUjZ1QTBnNFc3M09ScUNycnN5eXdqSkJSWVM2SERUZERaVFpQLXIyM1N1N1ZEYUdMOF93eF8wYURQRjc2S01iWXNpWlBTZ0dJYnJBRHI2SDhSWktuSzc4QVRaaTVvYmI0SWtYejh0YWc5SDBES0oyQ2JjUmxPbg?oc=5
Google News (Perú),JPMorgan inicia cobertura de LatAm Aerolíneas con Sobreponderar y objetivo de 70 dólares - Investing.com España,2026-06-03 07:00,Informativo,Ninguno,https://news.google.com/rss/articles/CBMi4AFBVV95cUxNRHNGNE9rRzJIVzU2MElBZ1FqSkgxWUZ6MVQyWlZINUhKWnpNcTVSYW1QWkpWb1JyZDNQNnZZUFNXeWVDU0pINjg3QUY0T3ZLTkRxbVJZbk81M0xsN2hUM3FPSFFpbEdLendBSXg1TGxvOThmdmlEYkxLMURJZm1MdFFVMGM2VkJta0I5LVNXNlF1UlFwazY4MXBVb1RhMEh6WlpqNmdzQ2t1SHR1MEhwS0V4QjgzX0J2dHh4TFJKbW9Mc2F2WFowT1JJaHFiRzZkWEdrR2VLRml5c1Q1WlRaRg?oc=5
Google News (Perú),"Hernán Pasman, COO de LATAM Airlines, deja el sector corporativo después de 21 años - Aviacionline",2026-08-31 07:00,Informativo,Ninguno,https://news.google.com/rss/articles/CBMioAJBVV95cUxONmJQcEhLdlZFTFJGd1JzZzFUbkRTS2pmaE9rbV9JMVI0eFlPN0VsOTN1Qno1WDdwQkp1bUdYNV83LXFtT2M0YlIyamlLYmlsRU1fUTNFdGxoMFdFcHNTNmNhdUItenNfem80cWRXTmptTE5HMGpSZ2w1bDFCeWhQOVROMENKdjlPUEpXM3docFhrcXdRUzBMQ2RLWFFVRlhiNGtMVDF3bGxyX09yaVNYa0xxUG9XaTRnUEtZdExxczZibHh2LTdXanduMmEtUExzTWljQUl5clJzdFBnY3p0V0tyLUhxcXh0c3Ztb29Pb0xhek82bXNxTlEzNGFYQm44dEFETHJtNU1CeTlUNW04N2ZaWTJSNzRHVmJGaE5hWTQ?oc=5
Google News (Perú),LATAM alcanzó ingresos por más de US$4.100 millones durante el 2T - Avion Revue,2026-08-05 07:00,Informativo,Ninguno,https://news.google.com/rss/articles/CBMiogFBVV95cUxOUDlWVkN0MHdVZHNVTW0xeElEaEk1eG5xeWZuSFNnNkNzYXlvSXRjVWhERHhYd3JrMkp2VmQ4TUZ2VWZTUnNDZldDV2ljQzhKOXNiQks1b3hQa3lDTURkSkl5VnRpc0VnQnc0eTQyODlQWHhpcVltMHpjZEV5cWZLNGZqdkY0NXRfckttUEtnVWdFWDgzcmVmLV9xaGJhbkdnZkE?oc=5
Google News (Perú),Latam asegura US$ 505 millones en crédito con el banco BNP Paribas para 11 nuevos aviones - Portafolio.co,2026-09-15 07:00,Informativo,Ninguno,https://news.google.com/rss/articles/CBMiygFBVV95cUxNQ2kyNV9oRWN4U3JLVUVNVV8yS1JtSkxJZnJ4QmFEbnVxVFRZVk1LdW9ING1Qd2xwRGVwS1BZTS1KUHNFWEdRVXpXOXNmWm95T1JRbExWZlZwTFprV1NiT0JvRm52TDNzYXMxMFdkWDVpQmhFTE5TTzZLcDNxclZWQlZrZGFZcXJHdFg1b3lhaWJ0enpuYnpMZ09BZmxwX1BZb0gyR2Nxd2hpMUc0dUJ3WDZQeU1nc20wdUdQazZ5SFo0MDN3RWtPeXN30gHPAUFVX3lxTE1UVWRGT3NaRWFFelZjNEdZN0JkQXg0ODRqRm9PMUVzVDYwRGtrYUNaYk5EV3RYVGZjQ2V2SG85cUVGOEtyS0l6Zjl6UFpEaGItR2xxTm1EaXk3SWN0a3M2bzhRYTREbUU2SmtsZncwSGkybmlaeTFvQU5qTlE0QTRXNWJwdER1cmFxOE9PQ0pjQWVSUDJqTFVlOG8tNnNJU3Z3SDFjdjJjUUd2TzZxTDJmMTN0aTRIQzhjZDNfX09DbnB1a1dPejRvcEY3LTdabw?oc=5
Google News (Perú),Latam Airlines Group alcanzó utilidades netas por US$1.460 millones en 2025 - Forbes Colombia,2026-02-05 08:00,Informativo,Ninguno,https://news.google.com/rss/articles/CBMiswFBVV95cUxOTmJTRmlwZjYySEJDY0JjbXFoOUpXYXlpMS04RDFEZDFyV0VyUHJqRXRLYWREcEdsYzdtNjRScEFQUlQySkR5NmZ5MngtdjFGNnJ6U0R5djlBTnkzT3g3UlprOWZLOWh5ZUhWUGtUN1JaVElFT2F2dV9xTVZMTmlUQjRuT1F4OHNGQzlIT1FQbjNBUm1UZkhsT2NBSnRWbWtydmt2LWVLeFQxX0RBZDI4ZmpkZw?oc=5
Google News (Perú),Latam concreta crédito de US$ 505 millones para financiar la incorporación de 11 aviones a su flota en 2026 - eltiempo.com,2026-09-14 07:00,Informativo,Ninguno,https://news.google.com/rss/articles/CBMi5wFBVV95cUxNNnZJZ0t3LVp4UkZFR0FxdzlVVzZOVVpIN3liTzlwb094RVpDdDMtNW1fcUZCRmJRS21DRnI2X0NGZmowR1lMMjNpcEZNSDNIdWRwcS0ySnViSXJERFBEMUFOS1Ateml6MldrU2RsUVVyNERsbkhkbldtdll2N1JxNC1PUTRZeG9yd2ZMZnF5eV9QUmdWMWRJTHVLZm1vTVNtYTI1V29VNGhvWFZydW1VRVp6ZGMwekVrZFpSbjV0SWlQSlJPTUR4Yk80aXd2elhVVkpoS0k2ZHhUbUtrTXY3LUs2STFVWUXSAewBQVVfeXFMT3JhdkZaanJfTVA1cGpzZ0dFd3VxXzhTcUxUSEZEZXBRN1d5OUJkMnNNVl84c0hfTVM4bmVQTWJKa3gxeWJHUVhhY0NISXFmMnVrd0M0aWJ5MTFvaXVla2cybjFuNzZST3IzQXQtUTgyTTJRb2hKNUQ1dGdXTzZzdGNZajNMeUZ4cXo0Y0FxNGdWTHJITGZxbVpsc1pMNkQtSU5Ra2dBX0tHTzJjNmNfTWkxdTlMYUJlSU9iak1uYkZSWVRiX2RCeTZiSTlOVmFvZlFTM1AyU3pMLXBKdFA1eHZmRjJaeGlISXFpZVg?oc=5
Google News (Perú),Obtiene LATAM utilidades por 125 mdd al 2T26 - a21.com.mx,2026-08-05 07:00,Informativo,Ninguno,https://news.google.com/rss/articles/CBMijwFBVV95cUxPNFN6aGlla3Vhd2xMZDFSMURwREd2b2RnNGRjUmU5aklmZWZ1akMtX3owamJJRHlBV1ByTVF1NWl6RVB1ZmpocnhCcDJleWx1bE95VDU1MVhuVWRwLVpBR0x4NkFTcGRfS3plSm9valVxcGJyUFZKdEpnSURHSDdSVl9qV1FHTE1fWFJrSk9HMA?oc=5
Google News (Perú),LATAM Airlines concreta financiamiento por US$505 millones para impulsar la renovación y expansión de su flota - abceconomia.co,2026-09-14 07:00,Informativo,Ninguno,https://news.google.com/rss/articles/CBMingFBVV95cUxQbUtfV2szZXpFdk4zcVl0X05uNGZzX2pvS2pKMEM1dnRheDlGX2h6VktYa2dmVWxkbEJhTExDWnd3MGFlT09wTFd2OWFBSjVIODZtbUItNVpKeW0tYTN4S3FfdU9DbFZrLU9BdFhUbTJfQlQ1WEE1SEs3Uld1RE9hRnNRU1RnUUtDUG1vRHRYVUJLMEhhYXItZW8zQTQ3QQ?oc=5
Google News (Perú),"“El activo más importante de LATAM es su red”: una charla con Hernán Pasman, VP de Operaciones y Mantenimiento de LATAM Airlines Group - Aviacionline",2026-06-06 07:00,Informativo,Ninguno,https://news.google.com/rss/articles/CBMirgJBVV95cUxNY0xpSmMtckszQzZxRU9sTEZrc2ttVjFpekpRbHduZVVZUHRVd1FlTEpwOS1fYUJwSVpMZFBRekp3b0Z3Rkp6Y2hhQjZaS2Z6VDVMUUhpWWlKS29EVHBfeEpuQndwUEJLR3dOaGJuVUt5RjRNS2FPSERSS3BBVDFRU3pIV1B4aDdqSWdwZlNKY1huUldzX1ZLWmhaS0ZvamFadlRLSnVGUWhjeDNsLUt6SFdxT1o0TzlHelJJWkR2OWJ4MnpEeGtoWWVjaVhqb2pfb0ZOMkwtTzA5LVJzZUlCYTFBbVQyRkhKRGlPSThnN1dLX3lhc1R4ekg3M01PcW1peG92clp1VTR1UjVXZV8zYWs0NXJUYU5jYkJ3WEljQ2M2WnRaZGxWS2R2R1ZNZw?oc=5
Google News (Perú),LATAM Airlines Group cerró 2025 con utilidades récord - Aviación News,2026-02-05 08:00,Informativo,Ninguno,https://news.google.com/rss/articles/CBMilgFBVV95cUxOUlNVejRpVWFMd3BNdHZEajZYTkJ5S0FqdDFiZkgxTm1KVHkxRDFvaUxfT3BnRzRYQ05vMnBUYVlCZDYyT2ZBdlFvMG5RT2ozblE5ZG50bUxZVW85dnFnYkpHV0VBQ0pWeW5aa0JLS1BVeWtVT215U3lKR0prUW1NekctS0dicXNIQmwtcXVrSmp4cHkzUnc?oc=5
Google News (Perú),Latam Airlines Group registró ingresos por US$14.495 millones durante el año pasado - LaRepublica.co,2026-02-03 08:00,Informativo,Ninguno,https://news.google.com/rss/articles/CBMilwFBVV95cUxQdnhzQUZ0NHFQd2pwbTBDVDBlaTZKOXRZLTJvRk5Wdi1tVTA3M0VTMEdwanRaLU9tRTM0Um9TZy05N3JnM0x2V3YwZlFfTnBjODI4dEZvTk9OMUNrRzgwR3hEc3ROLVo1ZjJfcFpHNHpUR1luQzhuWWc1aUhySmVGMlI1eTlVWmR3dDVDYkZQcnRkR1NkNjlJ?oc=5
Google News (Perú),Latam añadirá 28 aeronaves de tres tipos hasta fin de año - reportur.com,2026-07-10 07:00,Informativo,Ninguno,https://news.google.com/rss/articles/CBMiswFBVV95cUxOREFWdjJtOVVLLW9YdHVtQ1o2Rm9oRXg1b0J6WmRzX3ZHQ1BuMEphTW1NWTNqaG0yVXBtOXVORmttM0xkVmZQeVVfQ05HcF9sZjlsdl95dUR3aHh2U2tUSURBeFBtTmRRc2R4QlhaNi1WaWRvS2dfSGIxR2lHOGZjQ2V1X00xeE9WVWZaOUZYMm1IQTdaSXZtNHAtYWgweGd6TVMtdGlJXzNFMkdlX0tabDF5aw?oc=5
Google News (Perú),LATAM Airlines salta tras la tregua entre EE.UU. e Irán: el desplome del petróleo impulsa el rebote - XTB.com,2026-04-10 07:00,Informativo,Ninguno,https://news.google.com/rss/articles/CBMi8gFBVV95cUxOTkxxZTkzUTZ1aDZSYW9MXzZ6ZnIwUE1UU04wV3k4M1FraUU5a3R4bVlDdnh5WnUxYWFGUDhWOURUTHBhY2JzZEhtczAwVS1tdWk4N25qZHlWaTVWYXQ2VEVJd0ZBdHJJWXBFdGU2QlB6TG5UU1B4VGF2aUtGb2otQmVTWWZGVkZxVXIwR3RfMEtnT1UyNU84RUFSM21FeTg0UWYtYVYyWnJPYVRqdWpkQlVZaDJ1anM4b0U1ZnJ5aDdQbVcwQkhiM211TU1WRS1QMDFlQ1ljY3R0dG83TWc5MllvZXU2QjZmQzQtbG9PNnlfQQ?oc=5
Google News (Perú),Latam Airlines incorporará una cabina premium business en aviones de un solo pasillo - LaRepublica.co,2026-05-04 07:00,Informativo,Ninguno,https://news.google.com/rss/articles/CBMikAFBVV95cUxNbldUMTNVVGwwMktyQjZoeGhuSXdnSXlwdUI2bFBIc01JazFEaFAzN1FWUmZnOFpBYUZqNnpMWWFDZzFZamlJTmw4b1ItNHNiU05Cano3Qm1XTlp5LWdDUEdtOWtZakI5X0lsZlBfVFFVeEhvSTBjSzZNZmUyb1RHVGRhWmhwMXZBWEFDTmIzdHk?oc=5
Google News (Brasil),LATAM descarta ter filial na Venezuela apesar de rumores recentes - AEROIN,2026-09-29 15:56,Informativo,Ninguno,https://news.google.com/rss/articles/CBMijgFBVV95cUxPR25WWUZPbDlBR2hlWnM4REpkU0VNc0g1bXM1d3lQYkt4bnJTaER6X2cxNUdWRi1yOU1GRjkxZnpiaERSYTFwUE5reGVPUzRIN2U2YzQyNmhYR1pxNDhWRUNidDVlajJ6NG9ybERuMUdhRDFCWEs4Y0ZRdlFpc1FrLW54bkwzLUFRRzdnRnBn0gGOAUFVX3lxTE9HblZZRk9sOUFHaGVaczhESmRTRU1zSDVtczV3eVBiS3huclNoRHpfZzE1R1ZGLXI5TUZGOTFmemJoRFJhMXBQTmt4ZU9TNEg3ZTZjNDI2aFhHWnE0OFZFQ2J0NWVqMno0b3JsRG4xR2FEMUJYSzhjRlF2UWlzUWstbnhuTDMtQVFHN2dGcGc?oc=5
Google News (Brasil),Latam Airlines Group Sa (LTM) Comparação de Concorrentes Divulgados Publicamente - ADVFN,2026-10-01 05:02,Informativo,Ninguno,https://news.google.com/rss/articles/CBMia0FVX3lxTE0xTk81LTZMSG9Hc1FsMUFsZ2psMUE3SkZRRDJiN0x1dXJ1cDB1N3duWUR2dENXMGpDeDAyaGViOWZjc2dwTGUtaWZSUnRsZl9DenpiTk9EQXUzRFBSa3ZKclE0bkZNb05YbUl3?oc=5
Google News (Brasil),CDB conclui entrega de cinco Airbus A321neo para LATAM - AEROIN,2026-09-09 07:00,Informativo,Ninguno,https://news.google.com/rss/articles/CBMif0FVX3lxTE9QT3lNWnBEa0VidmttU1J5NmZ6UWpQa21xdHMzR2dBbVA4NTU1U0VNaUVwZE9tVVVFZDhHREo5aVFHMnBWSFZLMl9fNGlaT1dqcVNlWUx5cU1BLUZ3LVhKd0xNcmZiZ3h3Qlh6VnN0cXdKUlppNEZ1ME9lSC1VYlHSAX9BVV95cUxPUE95TVpwRGtFYnZrbVNSeTZmelFqUGttcXRzM0dnQW1QODU1NVNFTWlFcGRPbVVVRWQ4R0RKOWlRRzJwVkhWSzJfXzRpWk9XanFTZVlMeXFNQS1Gdy1YSndMTXJmYmd4d0JYelZzdHF3SlJaaTRGdTBPZUgtVWJR?oc=5
Google News (Brasil),LATAM é reconhecida pelo sétimo ano consecutivo no “Oscar” da indústria aeronáutica - LATAM Airlines,2026-09-18 07:00,Informativo,Ninguno,https://news.google.com/rss/articles/CBMiugFBVV95cUxPVDI5OFMxS1RCSWZ4eFhwaktYekZhcXVLRXVTb0twcE0zeWl5d3d0X2hMVkdOdlNidVoyT1lKT0VYajZZU2Z5WXNnOTlTNFZXeXlxRHlPblBVZEh0Um1DZVhnZVBFWjEwam1RNFYyVHBtN2R2WVRsQmVKc3BOTHZIVF9zOENid216VHhEbDJDR3p0aWZXWTFGRTFYN08zcVpCMndYTUJ0aXNJZkFod3hUb0pqempXaHBrQVE?oc=5
Google News (Brasil),LATAM fecha financiamento de US$ 505 milhões para incorporar 11 aeronaves à frota - Aeroflap,2026-08-25 07:00,Informativo,Ninguno,https://news.google.com/rss/articles/CBMirgFBVV95cUxOXzlfUG9NN0J6SGVMczVodG4yVVlkX2h0Vl9ZNl9yaGtqaEdnVV9OR3RBZ0licndoRWZaNmg5RjBKYzRObHVsQlRIZl82VERmbmt1WDY3bzRkZkVERkNYSXVZRGIyTXNKaXZKQ3lOM2s5ZGJxRlVPUldnUWRoeVRuc0xEelZBeExuUUhXUFVOWHpPYmlaWlEwcUV4MDQ0WUxfY0N5VTM0bVJlZ18tOFE?oc=5
Google News (Brasil),S&P eleva rating do Grupo Latam para BB+ com perspectiva estável - Panrotas,2026-09-22 00:17,Informativo,Ninguno,https://news.google.com/rss/articles/CBMixwFBVV95cUxQT1B0OWkwMU1URVc0U19jU1FhOTZ3VFNiVFdKdTRtcWw0NDNRNHhFLTNEQS1pQWtvTEllQ1puMldFY0E3X0RZTDVSdGRqSlcwYy11QmNSX29zZ28wdEhBU1JuLWVxMXROTTQ4U3FlMU1WWFlmNzNTN05ETm5XNzZFS2NVWVkzanB5c19kZm14U3lIVmFSYjNDYkxRc1Z2cGlscExfQmlNS2M0Rm5MU1IxWDFLTm9aNndDank1X3RSZG1ka1JyZmhN?oc=5
Google News (Brasil),LATAM anuncia sua 1ª base de manutenção de aeronaves da região Nordeste - AEROIN,2026-09-03 07:00,Informativo,Ninguno,https://news.google.com/rss/articles/CBMilgFBVV95cUxPVXZLcXQ2eVZVVGd1YnlIMnI5UU5RMUg5cWxERWMzbGVrb1NxSFE4cDA5RXFzcDktZWllbVdZRHFMNGxUZjAzNXg2YlVlZ0VCNjREU0xzT1MtYWJGYU5pVmhNcm1BcnVjbExPYW9fVTc0VmxHUXRSQU1tVm5laVgxdS1LUzBFamlsNjRPS2pBTXZBbXVxQUHSAZYBQVVfeXFMT1V2S3F0NnlWVVRndWJ5SDJyOVFOUTFIOXFsREVjM2xla29TcUhROHAwOUVxc3A5LWVpZW1XWURxTDRsVGYwMzV4NmJVZWdFQjY0RFNMc09TLWFiRmFOaVZoTXJtQXJ1Y2xMT2FvX1U3NFZsR1F0UkFNbVZuZWlYMXUtS1MwRWppbDY0T0tqQU12QW11cUFB?oc=5
Google News (Brasil),Latam é eleita melhor companhia aérea da América do Sul pelo sétimo ano seguido - Mercado e Eventos,2026-09-18 07:00,Informativo,Ninguno,https://news.google.com/rss/articles/CBMizAFBVV95cUxNYnktSThvekZRLV9jdUtrMDU3bHlVR3lKQ2RNa2c2Q3p4dVNnbmlUTmJudFJLOW95N3V3eWNsRngtcDZ3TkxRbmpxY00tSHozUEpzaGdlbnctZGM3VlBQSjNvSGljOHJXTjctOEJXb1ZYako2amtENGlINHd0dXpCT19heUJqU3RjM2JDczBSRy1BNUdoSVgtZDNaZFYwYXFBY29fRkd0aU5NbTNMS1BYY3Y4eGpjWkZYZEc5dnJ1T3VFRWNwdzVMWUtKUXc?oc=5
Google News (Brasil),Latam reduz voos no Brasil e vê impacto de até US$ 700 milhões com combustível - G1,2026-05-05 07:00,Informativo,Ninguno,https://news.google.com/rss/articles/CBMiwAFBVV95cUxPRHB2STl4TkhNcUxPYzJyOTVGRC0yRWhtbWxDNUx1TVp4V1hfSmRfMjhPRUg0LU9RVW1CYmVrSGxid3luVXZtNjExTnFnZXZobHNyTjFHV0xNdnlMRFQtR0FLdEZKNGRBYm5YQ2I4cnE5YUV2aUMxbEFTNU1wdDNTLXZuWVk1bGwwaDRlbi1qQzd1OG5jUFBFNElGUGtUZ1c3TVJmbE1jWWlKX1I0eVJoTzBUWUdUb3ZvQlpySGotbGbSAc8BQVVfeXFMTjFObmIzR2o1N04xNC1raWN5QVBTTXF4Rms5SGU0MTk0d2Z1N2xIZVNTT21GaXFqNjdLM2pPTHI0UWFiSDdKeHVOQXZ0UlRxY2kxY3dPcEdpZkJfcDlWOG9mbmljOXJwb014SEhWa0FZSmt5dzVHT0RUaXk4RTBMNDE3TmM5ZDVQUHdMaEkzeGJzekFROGRjdFRhbERwNkplOThlbndjR1o2dzdOZXVxZ25qdG1Hekozanp3V0p4RXViQnNXeElrM1lVY1dHNEo4?oc=5
Google News (Brasil),"Latam é eleita a ""Companhia Aérea do Ano"" pela Air Transport World - Panrotas",2026-09-22 17:05,Informativo,Ninguno,https://news.google.com/rss/articles/CBMiyAFBVV95cUxNOEVtNXIyVEFFd3UySldUUHA4aFZuNGhzb182ZVlfZ0dJSzVmY0RZTWZiN3I1NFJ3Um9vSVpzQzBoUFNrTHJhcWtqSEhET1FDbHlQNlBaOE1Fb3lVU0NSaVZBc1R0eVhFbjdRRWJMQ1NsZm9McF92VHZnSkJwTWFPazlHeEhtLXVaWDljVHZod3A2R0RaRllZa1hCc2hNN1gyZHAxbXhaY3pseEVWenFtT2FBUnhyRTdESXRqNDZxUzBwZE9Od3ZaOA?oc=5
Google News (Brasil),LATAM vai incorporar mais de 40 aeronaves de última geração em 2026 e alcançará 410 aviões até o fim do ano - LATAM Airlines,2026-07-06 07:00,Informativo,Ninguno,https://news.google.com/rss/articles/CBMiugFBVV95cUxOMUE4TDVtMlpoOWVQZFhRRHNTam9FLXdqYkkyd25yb2lkMWRRN3loTTBjNHd5U2lMZ0c4NnBJZnlaRTVDWGQ3bWpFY19wSk82Xzl5UmZIY1Q4MjU1bEN3SFR6ZXZZRE9wUFlqOEItbjJ5dzZTV0tRdUlJYmVIN0dsZ2NjRjFsb1paUjJrc3dIS0RmSHVQdDltaXpaczFQUllPZXRINFhKMHpXcnoyLUFQZVJUUEcyaHRqMkE?oc=5
Google News (Brasil),Grupo LATAM consolida sua liderança em carga aérea na América do Sul com 30% de participação ao final de 2025 - LATAM Airlines,2026-04-06 07:00,Informativo,Ninguno,https://news.google.com/rss/articles/CBMiugFBVV95cUxPRVJSUTR3d2RoU0xvWEtyM3RUcmpYbldReG11VGp5MHdWYV9xaDBHN2YxNFNMUml1aW9wWERscE12bDBNTTJURFdnXy1BOVNPY0VPQTY5TEdvYUxQMXQ3QVhweURpWmhhWXI0c1A5cUNnc2dra0M0MTJ1RmpuOUhzX3FyU1FteW9JVFI1SUw0TDAybUhReEtnVU9pWnJJV19tX3ctUUFDcDU3bkJNdE9RVUJoaTlfN0V0RkE?oc=5
Google News (Brasil),LATAM acumula 13 prêmios internacionais pela experiência oferecida ao passageiro em 2026 - LATAM Airlines,2026-04-22 07:00,Informativo,Ninguno,https://news.google.com/rss/articles/CBMiugFBVV95cUxPcnp3M0ZyS3NSb3RMRk14eDBIeDlYQXlyNUdWSHBHWGF5V3FZeGRqR2Z3ZGhDdVd3WUsxTVVObnFMcTRJR1RJdG5EQlhKbl9BR1lyTGxQS1RLaGxOSDRWQXpnSWREZlBwX3l3VmVnbmk3elRtcWtPNElPVVFnYXphZ0dUSkhsM3B6ODhWT0RITWRjSDgySHFNTWVlcnJyVXJqLTMxc0FGY05RdTVWX29Hd0hiZEl1aHU4eXc?oc=5
Google News (Brasil),LATAM apresenta a cabine dos novos aviões Embraer E195-E2 - LATAM Airlines,2026-07-28 07:00,Informativo,Ninguno,https://news.google.com/rss/articles/CBMisAFBVV95cUxPVG9GMjBUOXBtdGJJVE5UT0YxdkpKNi01SjE3aUVEQnhfVWlHSWtFekVaSTAxSGozc25zMUNiX052S1F4RFF5V3huSlM1YkJXUXNMU3VNOWtDR2NKb2wxRHZMcFpXN3NLd1lTby1FaDBYMDNoTTc3YmFxSG9veEljRzNvQnFOZ1RNdHRhb1NzMk15LWdtWUZiV0tEWGc3MjdYTHozRGhPbzc1RzFPcTZ6YQ?oc=5
Google News (Brasil),LATAM é a única companhia aérea da América Latina a alcançar a classificação de 4 estrelas da Skytrax - LATAM Airlines,2026-03-06 08:00,Informativo,Ninguno,https://news.google.com/rss/articles/CBMiugFBVV95cUxOZjdQM0YyaVMtV3dIeW1ZRHRqQkxoTXJwMlBBek5RYU1QVjE0UVU0cVVJdzhRTmV5bkNXVURRNE95SnM2UzdwY0w2N1dvSGF5aV9nWUw4cU9yRi1GRV81WmtjdFV1cXFkRnlNTURMUDU5Z2d5dVluSDFxN3k3bmd5ZkM5U0tKQjBFS0NNcTFyOWJqRWt1NFFNbWxvekQ2RmdZQzl0Vm5pNjdWekNpcjRDc01uX1U0OUlNQkE?oc=5
Google News (Brasil),LATAM celebra US$ 4 bilhões de investimentos no Brasil durante visita do Governo Federal a São Carlos - LATAM Airlines,2026-03-25 07:00,Informativo,Ninguno,https://news.google.com/rss/articles/CBMiugFBVV95cUxOR2lGWTVTZTh2Ylhrc1hjVldhZHh2eHZwbm1jcTF6TzBuSU5KSjZtMEdHX2E0YVBDWXpUeDlxczR4QlQyU1VoRWlFYUdwQ2JIVEJScnUzc0V1QW9Xc0F2M0c2d3ZOQUhITFlud0JhcW5GNUJnQ3c0NFVCVEl1OGdpeWlzdzhCSVpqUFFDOE5uZ2tZaFBkV01kSW13RFlRSmE0cGw1bnNVdGFuM2pwRXFleS12SkZMU04teXc?oc=5
Google News (Brasil),"LATAM se posiciona pelo segundo ano consecutivo entre as companhias aéreas mais sustentáveis do mundo, segundo a S&P Global - LATAM Airlines",2026-02-20 08:00,Informativo,Ninguno,https://news.google.com/rss/articles/CBMiugFBVV95cUxOUjlrNDRNem5XRkQ2MDZZZ09CUXNHS3VYcTFaczFieHRyNFljUE1WY3hCUHdMSVZ0aHphZU9POFJxdldDNE9zOWVFYjFCbzFuTnBRbHp1M0IzemxhS0hzZ2dQZW1CZkZMZVVYV0R0WkhBeFVjcWVhSEw3cVRrVzctZ0VzV2xPRXFDNG1KaVp3ZTR6V0s2S0JRSHB0Q00xSFh3YTROc1N6M1daQ3RpVEk3YXZuZ3FGOFdUd0E?oc=5
Google News (Brasil),Nestlé e LATAM Brasil promovem ação inédita com Bono e Negresco em voos para Orlando - LATAM Airlines,2026-05-20 07:00,Informativo,Ninguno,https://news.google.com/rss/articles/CBMiugFBVV95cUxOaVE4Y0s3WEp3dE5vN0g1d29FUkZteHU1MTZwc3ZZVVVjQmZtaUpmZEtuTkVrSFVTZnQ3bElELVBOSTZqQTQ0UWNpTURrNk9FRGtLUnoydnFtTEQtT1BRWGJzSHQ3MVdFeG5tYzNBZktnYk9RcDZhSEc3c3BoU1FWRXlNNVVSdVRHdHp2LXJBM1U3aGNGNGtVeHM2YU10dzFVYlFDaTZmYjVabFI3dFFqUWpEQ1VIUVJlTWc?oc=5
Google News (Brasil),Mercado doméstico do Brasil e viagens internacionais impulsionam crescimento de passageiros transportados pela LATAM em 2025 - LATAM Airlines,2026-01-12 08:00,Informativo,Ninguno,https://news.google.com/rss/articles/CBMiugFBVV95cUxPSm82ZEd6LXVoRzhIRGZXT2dTVkNEY25NaW92NVVHQ2UxcGowTzFvT21NcFZqUlBzakVrTHQtTW9KejdNUmxSUnU4M2ZDdWFTb1pLQTFiRTFEblRCYjNrMVUxaE9DZmtCcFFMSjBZTFpVQkZIRVpDaUQyaGlRNnlyalpqcldSRHNNRzZGdFpnM1J4OFRmRU9TNm4xSEw5NC1NU0k4Y2Q4N0o2WGlKaWJRQXhuNmJjSlpaOGc?oc=5
Google News (Brasil),LATAM faz história e é eleita Companhia Aérea do Ano pela ATW - Diário do Turismo,2026-09-22 16:33,Informativo,Ninguno,https://news.google.com/rss/articles/CBMimAFBVV95cUxPaEZGbjRVdEs4VlF2QjNnTk9ySWs3S3V0U1cxNGt5cGdOc3IwZ3FudXdwejY4eDZfdUtTSFZZQm1kMzdaOHJPcTV1bXJoa00tbWp2VTJqbFlfakdZNEdDLXBYdlBHR21ZbFRMY2g2VS1SdXZHMi03R2JJZEtHZ0hmRDZ2aTNfMjVZWjFWUW9iMF9hb0x2V1ZTSA?oc=5
Google News (Brasil),Latam prevê incorporar mais de 40 aeronaves em 2026 e chegar a 410 aviões na frota - Panrotas,2026-07-06 07:00,Informativo,Ninguno,https://news.google.com/rss/articles/CBMi4AFBVV95cUxPV1dwRDhzTHhEWFh4UDJXdFZaYkVhYWlGSGlHU2sxTlJiZTFJVGx5dkZJeHNLN0FkcUlyWWI2U211bW11RllUeWdsbDU3b25obTJGR0RCSURLRVFKWEFjVkxwWnpqSTB1Sm5BaThxTlV2VkxvNUJmYzV6YjZORVh5bDg1VHh0NlhjamN1RkRmVk1nb2pmbGdtRUVFUzJ4OGNkcjdxaDhWLXBsQVBweEZHRDhvbjlKS3BZemgtNjBRbVhQUzhzZ2xBQUZkdHBaV1M0WHM3V004ODJ1OWNoT3FOSA?oc=5
Google News (Brasil),Latam é eleita a Companhia Aérea do Ano pela Air Transport World - Revista Hotéis,2026-09-23 15:29,Informativo,Ninguno,https://news.google.com/rss/articles/CBMimgFBVV95cUxNQ2RDbGpaSTg4YWlQMzhPQnVzaHNFeXgwdHpYXzZSVWYxV1RnWGUxUG1rTWN3R0o5NjFOemY1d3dmM3NpRkZhaUxFSFZ0NTd2cG1sWmNkaWY3VzlzRXBrbm1WejhzLTdfN3Rfd2Z2MjlnUUE5UUctcnNPSVhIQjVQLUZXdk5RV19PWnB3cEYyRGRZNDNqNEowZm5n?oc=5
Google News (Brasil),Veja quem esteve a bordo de avião da LATAM para iniciar nova etapa de reabilitação após ser resgatada - AEROIN,2026-08-13 07:00,Informativo,Ninguno,https://news.google.com/rss/articles/CBMivgFBVV95cUxQWnFVM1hlamNKRHQ1MF95eDV2NVRCTkZVekdRX0Zpc0VDVEktVjFzTjJZWHNCbVhaNFRiUXhtSGxnejhyWGtOYlloalJGaFQ2N3M2akotNmJPanZ6X0RodF9NREZYV0EwZXNOVlFybTNXR2twVFUta0pWMHJidkxPQXhVY2dGSTVBWXFBdm5jOHcwQUk4X1VUVmpKdjI2aDRDVUlEaENsMmJQU2d3RnAwZ2Z0U19hQW5IWEJJR0JR0gG-AUFVX3lxTFBacVUzWGVqY0pEdDUwX3l4NXY1VEJORlV6R1FfRmlzRUNUSS1WMXNOMllYc0JtWFo0VGJReG1IbGd6OHJYa05iWWhqUkZoVDY3czZqSi02Yk9qdnpfRGh0X01ERlhXQTBlc05WUXJtM1dHa3BUVS1rSlYwcmJ2TE9BeFVjZ0ZJNUFZcUF2bmM4dzBBSThfVVRWakp2MjZoNENVSURoQ2wyYlBTZ3dGcDBnZnRTX2FBbkhYQklHQlE?oc=5
Google News (Brasil),"Em meio a alta no QAV, Latam fecha 2º tri com lucro de US$ 125 milhões - CNN Brasil",2026-08-05 07:00,Informativo,Ninguno,https://news.google.com/rss/articles/CBMipwFBVV95cUxOXzhFTTlQVFFxSU13U0thcXZQck5xYXo0TmhUT3dsN0JLXzB5VzFybU0xTjlWcmdBOUVGR2FfOEZQcmVxZUVsUHJpbnY3Vlpmd19hUm1kTERMWmVfVUdtZGxaMno1dWxjQ2tfRW9TcGx3enA0elNXbkFITjZaekUxM1ZONlZYNnFXYmMtUFcwd2tqZXd2T2ZJSndTZ2dYQ3NLM1A5VE82cw?oc=5
Google News (Brasil),LATAM amplia uso de AeroSHARK para toda sua frota Boeing 777 - LATAM Airlines,2026-02-06 08:00,Informativo,Ninguno,https://news.google.com/rss/articles/CBMitAFBVV95cUxNV2lGVTdqLUFKaTVUN29KRWtLbjFUWFVjMzFGS2REcVVBZFQ1YUwtMG16SEFLSXdiZUVtMF9NUnRNNHpoRHpGclJ6MUdscDdNeVdLZVBfRVQ3OE1hbkZCN3lXVXFwbHdUeDctRDk4Wk9GRU5fZVJkNDNLMl9VMmZEQWtvYmFYV2trYWNDRk9fOXJoVFhOcS1HUWxTS3dyQlBfc0FuSDBVN01aUG9qMklrbTlPLTI?oc=5
Google News (Brasil),"Análise: 1ª a pedir ajuda e 1ª a decolar, como a Latam agora voa mais alto - CNN Brasil",2026-04-05 07:00,Informativo,Ninguno,https://news.google.com/rss/articles/CBMiwwFBVV95cUxOLThSandPcUlmOVBGWHlSWFZ6UlVkZW0wQXQ1YVRJWlVMWl9RTFBIbWlURG1ETVdwSDFkbUhkT1YwNXlPVjYtVmxKRUxfUnNHQUhFVk9xMzl0U25JUVlReHpNa05VbDJqc21peFZ4ZkxBYmpFRDdJM09ET25HTWdmeDZkemk1RU5xa3poVHBUZ1RBZ2psXzhPdjM0V3JnM3ZBUVFkbXNDTW1zSzVmZjJzdFVFS2RYYVZJSzJOVHY4MlNUUkU?oc=5
Google News (Brasil),S&P eleva rating da Latam para BB+ e destaca expansão no Brasil - Brasil 247,2026-09-21 07:00,Informativo,Ninguno,https://news.google.com/rss/articles/CBMingFBVV95cUxQTzRzQVN6NlAzRzZvUlU4clFBUUVzSC00WG04NjVNWS00eERERVRiOTBLcFZjX1lRX2Nqc1o4bURZemlkMzk1NFRIUlA3WHlCazRDOXV0ei1URWFGS3NQMDN3SUNQOHE3MnNSOTBvcnQzaWpIUFlyVnFXT0c3cnJtWFdPV0JGTGtEbnc2VnI4alFxZ2ZzbXd1SDlaQ2F6QQ?oc=5
Google News (Brasil),LATAM reporta lucro líquido de US$ 379 milhões durante o terceiro trimestre - LATAM Airlines,2025-11-14 08:00,Informativo,Ninguno,https://news.google.com/rss/articles/CBMiugFBVV95cUxPT3hCQ3hQd1JOa0RXTlpUbmhvV1VhZEt1S1FyblpvbHV0RHg2Rm01NUJwTU5zODdWT2JHT0hMTlF4Z3lhNE9IRzhyNURwcUFxVGhfMkxCZHVrZ3VzSzN6eWRqWFFMVmRGU19MTTJBMndrX0Z3M2FPV25oLWdibldXU0NSUzZMTjF6Yml5ejgwaGgyRXdjeTFpVjVuYWtMNVA2YndzNC1WMlhGN2F3c1hzaUczQ0FNWEZPZFE?oc=5
Google News (Brasil),"S&P eleva rating da Latam Airlines com base em desempenho sólido - Investing.com Brasil - Finanças, Câmbio e Investimentos",2026-09-21 07:00,Informativo,Ninguno,https://news.google.com/rss/articles/CBMiwgFBVV95cUxPY2hLekluVkRpX3EtSHNPdUw1ODRkNVFDNlktR0o0OHh6dTRsdm9FWFJvLW45NmdTNzkzWHk2QVA5SktMY1cwb3p4Q1lScFBVVkNJRGJpNWhiQ3FQakszZDdacTUwaURUVjBTeTA0T0lRZlY4eEFLbEE5SWp0N19fZ01sR2RNbGp4SVVfZlE5ZU9DdFpnRktsVG1hb0RmZV9TMXY3aHNsWl9MQ0txYVo5QW5wbTJQeUV2LUp3TkUzVDJqQQ?oc=5
Google News (Brasil),LATAM amplia parceria com a SES para conectividade multi-órbita em mais de 60 aeronaves - AEROIN,2026-08-01 07:00,Informativo,Ninguno,https://news.google.com/rss/articles/CBMiqwFBVV95cUxQZWljODhZR0hVbFFDU25tXzdwc1ROUkNSOGhrSHNHSzlJMlVvREVRajFIb1IxcmJKWUpOOEhWUWdRSmN4RXhxSUFjNTlTem96WXRjQWxRbWw1Vm1NM0gtOHhVNXJycmR4SzFvUlhMLVlIcU1YZWFpeXBfX3JtQjlCbEstTUlGSF9COHA4bEhOY29tZl9hOVJaaFhkd2RaZ1dGenZFd2lTTnFMZTjSAasBQVVfeXFMUGVpYzg4WUdIVWxRQ1NubV83cHNUTlJDUjhoa0hzR0s5STJVb0RFUWoxSG9SMXJiSllKTjhIVlFnUUpjeEV4cUlBYzU5U3pvell0Y0FsUW1sNVZtTTNILTh4VTVycnJkeEsxb1JYTC1ZSHFNWGVhaXlwX19ybUI5QmxLLU1JRkhfQjhwOGxITmNvbWZfYTlSWmhYZHdkWmdXRnp2RXdpU05xTGU4?oc=5
Google News (Brasil),Grupo Latam registra lucro líquido de US$ 125 mi no segundo trimestre - InfoMoney,2026-08-04 07:00,Informativo,Ninguno,https://news.google.com/rss/articles/CBMikgFBVV95cUxObGxneEF3TWxJeXFsMTFGZS0wZ0R4ZndtZWFPYl95S1JZTTdyMC1nbkxGbVQ2S1RyeTBHdWFOanZEcGNrdExpdFdxNnJod2pJcG8yZGhOVW51Mm0ta1JreFYwMkV5dzJDQTFnVGtRZVhNWWxJR1NOT0VjSXVBbndYMXg0OU8yUENBNmphQVpXd3ZTUdIBlwFBVV95cUxPcjhXc0xSSWs4UkhQUjROMzhUUVNWZ2dLNUNjcnZVNUU4M1liSmpMOXZtOC1HQWtYSUxnV3lDNEsyUHNRWmVRblZqbUxuMHMtM2ppekFmbUlMdjlHVi1qbWZoY1pkNkZFX3FoYTNxS3hGcFpYTTJyMk1naE53TXVRTzgzdmlJVm55bTRMNHVPM2RBVlU3SnN3?oc=5
Google News (Brasil),LATAM e Bauducco® levam o sabor do Natal para passageiros dos voos de 24 e 25 de dezembro - LATAM Airlines,2026-01-01 00:59,Informativo,Ninguno,https://news.google.com/rss/articles/CBMiugFBVV95cUxNbUNtVVRjcXVPUGxXNG52RWdIaFcxWGxnRk93Q1djdGl6N09JTy11ZkpZWXAwWDgySFhLejNoMVI1QUd5NUpZSkRNdW1BaTlOd01sNzVrLU5qRFQ1cHRWY0RsMUk5TnU3ZUpqRGFnb2h4YllmbjRGOXg3cUVSRzRkNk1WNWwtLURZc0FaQUJVaV92ejEyejdkeXR2NkdNdUVVOF9aMUpKREEyN3lDOXJDbU9neDRacHFKV0E?oc=5
Google News (Brasil),"Líder do grupo LATAM, Roberto Alvo é reconhecido com o Prêmio BRAVO de CEO do Ano 2026 - AEROIN",2026-09-16 14:01,Informativo,Ninguno,https://news.google.com/rss/articles/CBMiqAFBVV95cUxQX1B6UjV3MTdvLXZNSUk4eGxBbXh4Q2Qzcklid3ZFSDV0ZkRXM1FFbDRFRlZlVHZmbEplX1hBYTNWeWdEcmFIVEE5dnNYRzlzUzktcV9idldQUDc1Q0hiLXo2TTAtNnFTVG1QV1dnZVVoU19JdmZJelFFZmZySTR3R3hDZEFTb0pKcWphb1NBd2dtZmlaTjVQYUNVTHdUZFBRNVpuNEdHOFDSAagBQVVfeXFMUF9QelI1dzE3by12TUlJOHhsQW14eENkM3JJYnd2RUg1dGZEVzNRRWw0RUZWZVR2ZmxKZV9YQWEzVnlnRHJhSFRBOXZzWEc5c1M5LXFfYnZXUFA3NUNIYi16Nk0wLTZxU1RtUFdXZ2VVaFNfSXZmSXpRRWZmckk0d0d4Q2RBU29KSnFqYW9TQXdnbWZpWk41UGFDVUx3VGRQUTVabjRHRzhQ?oc=5
Google News (Brasil),"Em alta, Latam traz assembleia geral da IATA ao Brasil após 27 anos - Brasil 247",2026-06-06 07:00,Informativo,Ninguno,https://news.google.com/rss/articles/CBMipAFBVV95cUxOUUZfU2hzbGFmeDJFaWRIYk5ST2tlYnIweGhhVkJoaEh1OVNDOGMyMGhmeG1yZl9ZLTE3YndVSnlBT0xqcnQ5MVRlR1lmR1VsNWlHOGZZeENjRFhGcUpGd3E0eXIyMkdQVFpuUlNNa08wYUg5aHdjQ0M5Q2V2YnZTWkhvX3NCSnZnbTJaN2dONmI2ZW1JYnFZZmpBOVdkOGc2RzJRag?oc=5
Google News (Brasil),Grupo Latam registra lucro líquido de US$ 576 mi no 1º trimestre de 2026 - CNN Brasil,2026-05-06 07:00,Informativo,Ninguno,https://news.google.com/rss/articles/CBMiywFBVV95cUxPRjNlcmo3Sy1HR2RQMUpOUGxhZ21fcWE3d3lpNVE0QkFEOUV0ZHdvTXc2WGtIUWZHNVZha0VQVzY5ZXVJX1Q2TnFHYkJfdGlvbEJ3UVhJZ3pwQTdHdUlXOXA1MHFObG1KbUdyMjExR0I2aHB2S016QXVUM0VDNFF5Z0EyMmZzM0JqMXlsM2NLT3lmN0QwYVBmVTZDc1I4R3kza3ZzUi1QaUI2RjE0TTdzTU15dFYyNXBLSU5XTzNvU3g1V09SVWZLNnU0UQ?oc=5
Google News (Brasil),LATAM anuncia voos diretos entre Cabo Frio e Guarulhos (SP) a partir de dezembro - Prefeitura de Cabo Frio,2026-08-05 07:00,Informativo,Ninguno,https://news.google.com/rss/articles/CBMitgFBVV95cUxOeFY0VExSMEMzbWxleEh3dERtcGo5bmdhdHlTMllMZzd6OXpmT0NNbWthQXdCUUpjRUpkd0dCRjZDYXZ5a0RrNGRJUW9ab1ZRcl9OWDNZNDlackdlUFVjbzFrUHVqUUZQSVZiRmcxVzUtT205Nm5NaEp1cXc1b1Vhbm9oeW1fOTBoOXpJd0JyUVdfNlhTMGE3YTNfU3JRZU5BZXBSbzV0VW9FZk1OazgyVFJ1ZzgxUQ?oc=5
Google News (Brasil),"Melhor cia. aérea nacional, Latam também vence com app - 27/05/2026 - Turismo - Folha de S.Paulo",2026-05-27 07:00,Informativo,Ninguno,https://news.google.com/rss/articles/CBMiygFBVV95cUxQR1MzRWlUWkEtaG9SOWxMZnE2STZaWHlvUDd4N3RMQ1h2TExNUmZ1VjRPTHJfaTY2NGdtT0lSX0FFWldGNWVkV1lOUHFYU2NQNk9rX1BQdUFERGRJcGVEOERGV2loQmJhdHRmNUpJdFlxUlo2b1d0UURBZzFaaDRNQ1BGcWRMTzJKbFk3MlRNbmJHeS1MRlFWOUJBNURyT0NCOW9sVzlYcXhSenlvMnhhdlhRQTZsa1Z4bUlwRWR3NFZoSHE1WW0xVXh3?oc=5
Google News (Brasil),CEO da Latam Airlines destaca o papel crescente da América Latina na aviação global - AEROIN,2026-06-19 07:00,Informativo,Ninguno,https://news.google.com/rss/articles/CBMipgFBVV95cUxOeHZPSzdMV1htZjBYVWRYWVBfOXBjbURyQTk0bXJ4Q2lmVWNMZ3NFOE1FdG10TUVCTFBxUUc2WjdaMnkzeGtlRUZYUWlqVEZkb2I4M241Z2JhZG5jbGxad3JmTHBYRXBhUWRXMWMzdzJkNFNKYVVQSnp6WGdNZHRSNWdWSG9TbnhnN1NaUEVVQ1V5Qy1SN1JYa3lPQlVjWjRYSS1mMzVB0gGmAUFVX3lxTE54dk9LN0xXWG1mMFhVZFhZUF85cGNtRHJBOTRtcnhDaWZVY0xnc0U4TUV0bXRNRUJMUHFRRzZaN1oyeTN4a2VFRlhRaWpURmRvYjgzbjVnYmFkbmNsbFp3cmZMcFhFcGFRZFcxYzN3MmQ0U0phVVBKenpYZ01kdFI1Z1ZIb1NueGc3U1pQRVVDVXlDLVI3UlhreU9CVWNaNFhJLWYzNUE?oc=5
Google News (Brasil),LATAM acelera renovação da frota e prevê mais de 40 novos aviões entregues em 2026 - Aeroflap,2026-07-07 07:00,Informativo,Ninguno,https://news.google.com/rss/articles/CBMisAFBVV95cUxNRmx2bVBvX21MVmxNampPdTdIYm9nNE5tZl9CTXRZNmF0TkZxLTdJbEhjY1JCQ2w4aUcxaDNZNGFxN0lmWXQxUGloWEwwOHBMVnM5US1kejN2VWlxOFExTlR2V29VOVhEWGh5UGNyWlJqTUlxdnpvVl8tN1VBT1kzZXB2S2RFNk44RVJfaTd0aGJmMUNoTXpNSDRTLUpSN0F1RmNvWGNsZUQyUFJNaElrSw?oc=5
Google News (Brasil),LATAM surpreende com o primeiro voo temático de Harry Potter para Orlando - LATAM Airlines,2025-12-03 08:00,Informativo,Ninguno,https://news.google.com/rss/articles/CBMiugFBVV95cUxNeGdPa3dRdHVVTmE5UVo2NWdOMldCRm1xWGM1czRtOHpNaEZrYW1NdWFEeUJYNU80bEpzc1drc0dWNWdhRWNmQTNGejU4dnR6RHpCOHprZlA5dURsVVY5clk5VXpZUWQtYjdYVFdFS25USDI0MElIN3RBMEpkR2otak9Ld01UTXBycnlQbWtVWW5wMC1LZFhPQktWbmdpcEltVkZNcG1NLURiZlpCeHBwc3dqU3JmQlJHb0E?oc=5
Google News (Brasil),Latam movimenta US$ 505 milhões para turbinar frota e acelerar expansão - VEJA,2026-08-25 07:00,Informativo,Ninguno,https://news.google.com/rss/articles/CBMiqgFBVV95cUxQUXd0Tjd6VS00NnJlOXFzVk9yV3NGMUwxTnM5ZWJmRzRVOVVVUjZid1VQVXo4U0MzVXUxSEZ0WHM3Ukg3T0FRVUlTTXd0X3dXRFBibEg2aGVmMEFrZUxwTmxlRk9hUnFnTVp4ZTVpWEhsS3VNSUpZY1dEYklneGoxejJNR0hRdnBzTDFDWi1JbDN0dk94b2lHSWpla1lfUXA0VnUtQTlDZTBpQQ?oc=5
Google News (Brasil),"LATAM gastou US$ 880 milhões a mais com combustível, mas conseguiu registrar lucro no segundo trimestre - AEROIN",2026-08-04 07:00,Informativo,Ninguno,https://news.google.com/rss/articles/CBMivgFBVV95cUxNZXZJUXhFdjhVYTFYbDVMTXJqams5TXRpRDRQOWEyS29BekZlMnM0YWVHcUhWZnFuaVd0cDJCeUo5Wm9fRFMtNU9iOTIzN1lQVjZYLVlub2hHbkhxbC1Bal9WbWpFdUZKd1hhN2FhSXNGR09FVGM5VkJLb2gtNy0wQWhlNnhaTDJKQmo4czROWXp6MFJxZUFabHB0aXUybkhnYkFNajdZU3gyc0R6RVA4d0Myc25teGZaSWhzdjRn0gG-AUFVX3lxTE1ldklReEV2OFVhMVhsNUxNcmpqazlNdGlENFA5YTJLb0F6RmUyczRhZUdxSFZmcW5pV3RwMkJ5Sjlab19EUy01T2I5MjM3WVBWNlgtWW5vaEduSHFsLUFqX1ZtakV1Rkp3WGE3YWFJc0ZHT0VUYzlWQktvaC03LTBBaGU2eFpMMkpCajhzNE5ZenowUnFlQVpscHRpdTJuSGdiQU1qN1lTeDJzRHpFUDh3QzJzbm14ZlpJaHN2NGc?oc=5
Google News (Brasil),LATAM recebe seu primeiro Boeing 787-9 com motores GEnx e acelera renovação de sua frota de longo alcance - LATAM Airlines,2026-01-07 08:00,Informativo,Ninguno,https://news.google.com/rss/articles/CBMiugFBVV95cUxNY2Y4clI5ak5SaGFkT01xYlN0OHFodEQtUFBxVjB1ZGI2b3l4R0F4RlRxWkVrWElwZllPYXo5cU9UNG85b3ozUW02R2cyVlo1S1hLaEl1eU5UeDVZQUhzYzFfa3poNEFqZElVY2VuN1BlYVlqMUR3bkhLZEppVk5PVUNLN0EtZjd0dU4wQlBSYjgtdExxTklyWVNONXhmTmYxbllGczJTdHBGc0NQbE5NOGVPY2hFN0EwclE?oc=5
Google News (Brasil),LATAM e Warner Bros. Discovery América Latina levam a magia de Harry Potter aos céus com aviões customizados e experiências a bordo - LATAM Airlines,2025-11-10 08:00,Informativo,Ninguno,https://news.google.com/rss/articles/CBMiugFBVV95cUxPdGc1TVJ6Qk5hdnZfTlp1eDEtWWlTSXIwbTRLRmlIM0taRVhPN0t3OHZWOUpfQTBvRV9RX3NzeHFpV2FBSVZ2UEhfZ0NtQW45U29fd1N5XzIxbEpMbGhFZGpKMTZQaUJxVEhVNkQ1MWxtZ2lmZnJscThfYmNiM1p5czNCM05GY1pzaUZmYi1HMHBqQ0ZqRXdKWEpTMHpxbVY3TE5HOHRwanVFYUtRU2ZqWGlxWTFFelVKUGc?oc=5
Google News (Brasil),América do Sul inspira novos amenity kits da LATAM com cosméticos Costa Brazil - LATAM Airlines,2025-12-12 08:00,Informativo,Ninguno,https://news.google.com/rss/articles/CBMiugFBVV95cUxPZEtuVGVTZzdwYThsQW1xVUF4YUUtb2V5T3FSYnVmUnl2elQ1OW92c01HcHUxNzMzaHBYdl9XTl9udTd3WC1Fb2VJY0xGSGFNTDE1QnpMQTZHU1NBaW10NzdEZ2J4eU5EeWpWaWNoUkdBSnNuaXdfWmFoNVJZUktnZXp5TmZPTlNkYWYxM20xWF9yQmJwSTBiZnlPN1lhVVJzMGkyaC1McXcwbU55dUI2MzZXSVRfeWZHWmc?oc=5
Google News (Brasil),"CEO do Grupo LATAM é o novo presidente do Conselho de Administração da Associação Internacional de Transporte Aéreo, a IATA - AEROIN",2026-06-07 07:00,Informativo,Ninguno,https://news.google.com/rss/articles/CBMi2gFBVV95cUxPWjNmWnFMenlXaDVvWDdlM1dfZTFkUzV6M0Z0RDN5d2lfNXFkOG40MVc5ZE9KTFRaUmtFekRKNjRwbnAybnFaVDZkR3JlVHJDQll0UlFyTUFYOUM2eDhxVFZON1Bya2EtUElkbzFCZGJVQUQ3a2JWLVQ2M3pjbHZFUWZiQmZ0cFhWVnlLTTluWEFsVzBsdlBSTkhvWGxjalFvZlJNejBxT1ZhbFNIb1dXMllEZ3BGaC1CX2RKd3N0R1RVTEdmdWdDczZXVWhDZTJmYkJXMElQdTY4Z9IB2gFBVV95cUxPWjNmWnFMenlXaDVvWDdlM1dfZTFkUzV6M0Z0RDN5d2lfNXFkOG40MVc5ZE9KTFRaUmtFekRKNjRwbnAybnFaVDZkR3JlVHJDQll0UlFyTUFYOUM2eDhxVFZON1Bya2EtUElkbzFCZGJVQUQ3a2JWLVQ2M3pjbHZFUWZiQmZ0cFhWVnlLTTluWEFsVzBsdlBSTkhvWGxjalFvZlJNejBxT1ZhbFNIb1dXMllEZ3BGaC1CX2RKd3N0R1RVTEdmdWdDczZXVWhDZTJmYkJXMElQdTY4Zw?oc=5
Google News (Brasil),"LATAM planeja atingir a marca de 410 aeronaves até o fim do ano, sendo mais de 40 novas de fábrica - AEROIN",2026-07-06 07:00,Informativo,Ninguno,https://news.google.com/rss/articles/CBMiuAFBVV95cUxNZXJaSEU2OVdvNUZQWXFNVW9WSno5MFVuUTFUWDkxS2hoUkFRalgzMEVXd2dnXzlmcVZGbmxlakR1WVlKLXNnR2dhZUJsLVNjSXNHU1l4TzdjU1VWdU1EcmZmbTFhamFlVm9hcTAxbVNaLXZqOEFidUQwRHFJVjlOak5teklfTWo1cHIyWVF1d0tDOXlMT1UwQmFLVUtkZzZRYmZYZFFySHdCMkV3OXd1SFdYLXhaYUtr0gG4AUFVX3lxTE1lclpIRTY5V281RlBZcU1Vb1ZKejkwVW5RMVRYOTFLaGhSQVFqWDMwRVd3Z2dfOWZxVkZubGVqRHVZWUotc2dHZ2FlQmwtU2NJc0dTWXhPN2NTVVZ1TURyZmZtMWFqYWVWb2FxMDFtU1otdmo4QWJ1RDBEcUlWOU5qTm16SV9NajVwcjJZUXV3S0M5eUxPVTBCYUtVS2RnNlFiZlhkUXJId0IyRXc5d3VIV1gteFphS2s?oc=5
Google News (Brasil),Latam identifica falha de segurança envolvendo dados de clientes em programa de fidelidade - Mercado&Consumo,2026-08-20 07:00,Informativo,Ninguno,https://news.google.com/rss/articles/CBMi2gFBVV95cUxPX0JiNGlFcnctRXdPb0xrUnA5ZVc1Vm56OWlOcmhFc0FzMmMtUFhaV25fQ3p0UlBidmdYMUxqZmdwUWRrSEdSQnRmSFZyTGpXbU9WVHhXVlp3SDc3Y1phM0VKWWo1UV9WTnBMU19ta1Z1MnZINTFMS1NHUVREZE1QSzFZZ2d3aWtrT0xaVnk0Q2dfSmJnNld0a0NreGxBc0pBd3FlTTlQQm5NTzVpU3pJQkhWblM5M1FLLUR5RWc2QTRBVXRiNzJ4bEJfc2luNVFSeXB0RHpjLVB3UdIB3wFBVV95cUxPcVN5dVRHZ1ZGbEIyU1k2TnQtWmxoR1c3TFotMWl0VGwweGtOQ01VSHEtQUZrZHNVdXNOWUs0WkJDNmNGTlB5OTBGeVdGQ0c5SHd0OUo4MUJfTmMzWWcwcFUtVjdjMW1yeV9YaHZKcE9GcFZUM3hNOGU3b3NXOXV3NUl1VUthSWdISXNlTDhBbExweVJKZW5SdXlWbHVOMFFPVzlDSFJ2cUltUnRPTjdPRFQxak1HeHB1eHhKUzQ5TVpDcHU1MFdvRmlNOUZLN0ZzYXpXZ0l3TTVGdW53NXAw?oc=5
Google News (Brasil),"Com alta de 12% no doméstico, Latam Brasil amplia resultados em janeiro - Panrotas",2026-02-13 08:00,Informativo,Ninguno,https://news.google.com/rss/articles/CBMizwFBVV95cUxOQ0JMTi10S1ljdVRwOFpwWmlkZXRqZnRVTkE1NHZINTF0d2h5NW1ndzVFYTlCT2t1RkdvS1RBejJKQjU3d3pyejFNY0pVeWsxSDRDaUJhdHEwc0xGQ2Q0anlibWlIMmxEdDhlb01JblE0X01TZjdxVTc5dDVVNl91M3dMUXZmZmZqOExjYkVYd3J5d3BpdEN0dTRSV05VY1dPNGlfWUFSNTZTOUIwQUxXUTlaNWFoVW5DdklFZE5teGdwTEtoV3VMc1ZPcG5iWDQ?oc=5
Google News (Brasil),"Incluindo inspiração nos tubarões, LATAM reduz mais de 1 milhão de toneladas de CO₂ por ano com inovações e tecnologia - AEROIN",2026-05-11 07:00,Informativo,Ninguno,https://news.google.com/rss/articles/CBMi3gFBVV95cUxNMHFVMWJ1Q3RMQ3NNRmJjRldZTW9kTWhrcmhGLXpDSC1wSFY0SkdQS2gyMVVfSDdfMC1KMlVKQ0h4Z2hiV3NsMkVsUXdtZUdnTVMzZWdpZjVwQWRfcFBlQ3kxX3pMQ2diejZtVldiYzRXLUt0d2pYZ0xLaVE0VGZHSEtfTWIzSTJrQmZfUEM1bzBqMGZ1YlQtZXJYeWtMMnFCa2V6dThRREd3ZkJ6V0F6YXVITDJ0cDJySVlpZloyeVpmOWtyS2tFbjVSYWxOLVcwSU9lM2dHU0lfLWxDSEHSAd4BQVVfeXFMTTBxVTFidUN0TENzTUZiY0ZXWU1vZE1oa3JoRi16Q0gtcEhWNEpHUEtoMjFVX0g3XzAtSjJVSkNIeGdoYldzbDJFbFF3bWVHZ01TM2VnaWY1cEFkX3BQZUN5MV96TENnYno2bVZXYmM0Vy1LdHdqWGdMS2lRNFRmR0hLX01iM0kya0JmX1BDNW8wajBmdWJULWVyWHlrTDJxQmtlenU4UURHd2ZCeldBemF1SEwydHAycklZaWZaMnlaZjlrcktrRW41UmFsTi1XMElPZTNnR1NJXy1sQ0hB?oc=5
Google News (Brasil),"Lucro da Latam sobe 17,5% no primeiro semestre - AERO Magazine",2026-08-05 07:00,Informativo,Ninguno,https://news.google.com/rss/articles/CBMiswFBVV95cUxQNnhaUklnanNXYWJYV0xFcE0yR3loZFBlWHBNb1psaHZrM0JpaEE4eDJOWndqZEdQVzhWZ3ExMmg5RlZFLS1Xamdpa3puOHdfMGxhU1JCU25BQWZpdjhrUlNwbWFjZHNDYmd3MnlZcW13ME9vSlRrcEpsT0c4YzQ4UjZ3cXVKbHZvc0VNbi1hR09oNkxXQVRpd0NjM0FUY3NTMnpJMGZQdnRtX2l2RkZSeFRVNNIBuAFBVV95cUxNRzRHUjhZR2xOek5oVWkzdHdIUTZRTjdORDQxUnVZQXVwUjlmNmdRbUNYSDQyZWFIWVJweXRHbWhJTk1fZ2NwTU4yM0tfczQ3YmNSb1pFUW5pZUEzSHNydUZGc2VXd0plU3pEZy0tUzQ2anV3Wk1zR2JKY3Nnc25KaHdNc2FMR3pVUzRnb2gzT2M4c0RhZmJCd2JJeTNzaGpGdWlJTk1NT1d1TDZIWElHcjBHRHBmSU9M?oc=5
Google News (Brasil),LATAM Cargo Group realiza sua maior expansão cargueira entre Europa e América do Sul - LATAM Airlines,2025-11-05 08:00,Informativo,Ninguno,https://news.google.com/rss/articles/CBMiugFBVV95cUxNOUpCT2RsTkNDNnNtVHcyWDZnVWpmVHZ5MGFIaTFlMnp5TDE2dmhPRC1IY19jVHpWcTUyNGUzcFo2SWNxMlBJeUpVd2pXNGp0Tjh6cVE5Vnl2a3J1OWpkZDVjbExKNGh5RGdnSGRMRlpxTkdHdEUzc01McDJhX3UzSUg3bmVhT0dSVmxjRXlTenpLcWtZTDJSMTMycnNxNHBOTkduYzNGcUVJYkd0TXZTUWpaZnRBTGpHTXc?oc=5
Google News (Brasil),"Latam fatura US$ 4,2 bilhões no trimestre e mantém lucro apesar da alta dos combustíveis - Balada IN",2026-08-05 07:00,Informativo,Ninguno,https://news.google.com/rss/articles/CBMiwgFBVV95cUxOaFhhM2xxOVlDNlFNSXpSTUJVSkRqS2RPSHRJQ2pqNGZfR21QbDBlb3VIUVZYNVQ5Znc2NVQ5dzVUTEhrZktSa0JDY1R6aWx1c09US2YyV1FSd0dtZkE0eTFNQjFGb0VlQV92SDJtNzdJV0hJUDJYeEMzX20tMWxUSTE1RlBIb0hXTXdYdTJNOGYtMm5NNmxBUzdlNXc0TG90YXYwdXVYbG95ckRnaGtqYnJ5UXlSUHRiMjY3NTRBdEtaQQ?oc=5
Google News (Brasil),"LATAM utses till ""Årets flygbolag"" av Air Transport World. - Aeroflap",2026-09-23 13:40,Informativo,Ninguno,https://news.google.com/rss/articles/CBMioAFBVV95cUxQY2dCLWhRZXk5enZLNWxiY0JxX1FlSHAwNEU2Q0hkLUhxU1V6SzNad1FuQ0JMTkpSODJnN2ZpVEtERGM5YVRmTVpmLTI5UDFDcWl1NUhhemxITHF4b1NscUVDdHU3OVRtUUtsMU9tUkVxeUlOejRFNVFBRnU3cXY5VTRXYmotQkk5QXhHRkdmX3FOd01vWWtCR21IR3BoU3Y0?oc=5
Google News (Brasil),"Latam lucra US$ 576 milhões, reduz voos no Brasil e prevê grande impacto com combustível - Balada IN",2026-05-06 07:00,Informativo,Ninguno,https://news.google.com/rss/articles/CBMiwgFBVV95cUxQR2NmVDdyVDhkMDduNktnaC1DTEpIZVB5Q0VXWWZtLXo5NFV0NWJIekJDMVNLTGdVdGM0TFpfUVdZS2dUdkJMbmJyQ2dKaG5DVnpGRU1VNTZ1OTBQVW1sQ0haajVOMXUwcUFha1g2SlBwNTNQeVJjQ0pzbzh0aFBYZWg1YTJ1OGw5NXllbWVkTjlKbDktU092OVBMaUNjWEJ2d1B4ZHJheFZLSW41R2JtdlBvYk1HeWhXY1lGQ1RmdnFOZw?oc=5
Google News (Brasil),"LATAM זכתה בתואר ""חברת התעופה של השנה"" על ידי Air Transport World. - Aeroflap",2026-09-23 13:40,Informativo,Ninguno,https://news.google.com/rss/articles/CBMimgFBVV95cUxOQ0p3NzhxUXBSQktRNjRPZFVDaC1mNmcwVkJDY1l0WWN3NEdWLTRBOVVzdlVIY3ppUFI0a1R1S3FLVkJVc3pJYW5McG5BUGdnREJkVmwwTlNJeng0U3Y3bWdRdDZCS01QUUFkakZ5Zm1jdUd5OVRjODJXVERiNXVnZWprcDhkMGtRdFBYQUxaaHo5TmpBeEhFT193?oc=5
Google News (Brasil),LATAM anuncia incorporação de mais 40 aeronaves em sua frota - passageirodeprimeira.com,2026-07-12 07:00,Informativo,Ninguno,https://news.google.com/rss/articles/CBMimgFBVV95cUxPWWN6UmJzeDgzSFpoRm1PMUJyZXVGSmtWX0ttZ203bW5yQ2o1MTdXR2dqOERUWTNqMEV5UFdpYmVMWUNfLWh1N2xvbE93MU9fRmc3Y0J6M3VnV0lud1FkdjFkZlhIQzA3YWl1WUFyZUx2MjkzTEMzYy1FT3V4bUxzN20wSG15bGQ0Q1lZUnlja1JUNjF5NFk3X2VB?oc=5
Google News (Brasil),Voos internacionais da LATAM passam a contar com a nova edição do “Sabores que Transportam” - AEROIN,2026-07-07 07:00,Informativo,Ninguno,https://news.google.com/rss/articles/CBMirgFBVV95cUxPZy1jMXdVRmdST2RuVDVyZks2ZDN6ZnhFdTg1TE0xbEFfYzhCSkhhamlJWGVCU0ItTGlOaWFWcWVWUVhQRlpJcWJaRHAzQkUtM2M2RjRrVGZKSFRuQVNQZHkwaFRqX2h6T2VHUm11Uzl2d0ZZc09vRWlWOUxuZlAtVDE1Q2N3c2hnOExPRHZISnRsUXRPOFpOdDZPdU5NNUgwcURiMnFZMlBHN2czU2fSAa4BQVVfeXFMT2ctYzF3VUZnUk9kblQ1cmZLNmQzemZ4RXU4NUxNMWxBX2M4QkpIYWppSVhlQlNCLUxpTmlhVnFlVlFYUEZaSXFiWkRwM0JFLTNjNkY0a1RmSkhUbkFTUGR5MGhUal9oek9lR1JtdVM5dndGWXNPb0VpVjlMbmZQLVQxNUNjd3NoZzhMT0R2SEp0bFF0TzhaTnQ2T3VOTTVIMHFEYjJxWTJQRzdnM1Nn?oc=5
Google News (Brasil),"Latam divulgará novos destinos para operação com o E2 em junho, diz CEO - CNN Brasil",2026-05-06 07:00,Informativo,Ninguno,https://news.google.com/rss/articles/CBMiqgFBVV95cUxPVWRDUm56MkxMbmRwZ2todFhNa0lTZlJ5UTVRRjRqWnE0a1dkX1pJZDJScHRxZk1HakJhaUZCdHlVcWNXMUlBRUg0dW9UUXhQemptd1hfcnc1ekpsbzhSMUtGZjM1SFlCNWxkUHpGcnRPcTFXUHhMVHRWanllUnRaQXNGdkVMUkswWHJOSHg2aFVhRWFPLTdrbk5PS1d0QVE3WFZBS0Q2Nm4zZw?oc=5
Google News (Brasil),"Roberto Alvo, CEO do Grupo Latam, assume presidência do Conselho da Iata - Panrotas",2026-06-07 07:00,Informativo,Ninguno,https://news.google.com/rss/articles/CBMi0wFBVV95cUxON1lZbjZ3d3VhRWVadkxJRWZreDM1YjBob3ZVaVE1djdhN2tOc0djYy1KeGlYdmpoc0RwMU9IUE0wT2NqcVlLdW5ER1BudlpVZjl4VzdxMjYzVVA3QW1Wd3BkWDhLcU80RVA5eDFQNEh3TGV2WFp5dHRnbFhEN1JOVW5LSlk4Z3JtTklmOEI4WklVSGdzcTV4eTVrTHlGQlVjNVRaNTNFeHR6VGJvTGhLMUdXY0lBRFVtMVo0Y0NtOVRQaDZLZ0hGclY1bXhXa1lobEs4?oc=5
Google News (Brasil),"Veja o que a LATAM, anfitriã do evento, fala sobre sua participação no encontro da aviação mundial, realizado pela IATA no Rio - AEROIN",2026-06-08 07:00,Informativo,Ninguno,https://news.google.com/rss/articles/CBMi2wFBVV95cUxPZUo1My1sT2ZEN2V6WjVwV01sYmZQUXlaQ3k0SVZWNkpxVmZfdk00NXkzcTF0SFRNQkxNZ1ZlV1ZnSVNTNVFUaXFyVkREUkZZYVNTMjFWaGhpY05fejFEamtKQ2dWdE5IZDhNX2lqeWszNW4xblk4RndTVmhWc2oyR0tSMkFwWFRmUjlCT0ZEQ2FaY1I5cUEwcDZOaUZWWFEzS2lGTHNOZEVaRkhOcktqazcyTWh5d0d3R0d4TVQzTGY3cUh6SWZGcXFHb1M2R21XbnBfQk8zbWZaWmPSAdsBQVVfeXFMT2VKNTMtbE9mRDdlelo1cFdNbGJmUFF5WkN5NElWVjZKcVZmX3ZNNDV5M3ExdEhUTUJMTWdWZVdWZ0lTUzVRVGlxclZERFJGWWFTUzIxVmhoaWNOX3oxRGprSkNnVnROSGQ4TV9panlrMzVuMW5ZOEZ3U1ZoVnNqMkdLUjJBcFhUZlI5Qk9GRENhWmNSOXFBMHA2TmlGVlhRM0tpRkxzTmRFWkZITnJLams3Mk1oeXdHd0dHeE1UM0xmN3FIeklmRnFxR29TNkdtV25wX0JPM21mWlpj?oc=5
Google News (Brasil),"LATAM Group, IFRC e Kuehne+Nagel unem forças para entregar ajuda humanitária à Jamaica após emergência - LATAM Airlines",2025-11-05 08:00,Informativo,Ninguno,https://news.google.com/rss/articles/CBMiugFBVV95cUxPMEZWVE9oZC1vcXJDcWxUQ0ZHT2p5dml6em5wRDRTQnYtV1gtdllfaDRPMmlaUHc4a1daOFlkWmlmNmxKOWM2WmxQMXVEZTBlV1dJcjhaZlNodzNLNTJscGI1ekpzb1JmTEliSXVSdUpnSUotLTF2b1N1MXAzdllFZ2pLMUMyQ01faENhTWtORXFuYmZfSk1YSTROUmh3WlVITkR3SUx4ZTBVQXhVYmZzUDFodzFva3pSbEE?oc=5
Google News (Brasil),Latam anuncia reforço histórico na frota com mais de 40 aeronaves de nova geração - Mercado e Eventos,2026-07-06 07:00,Informativo,Ninguno,https://news.google.com/rss/articles/CBMizwFBVV95cUxPRndQTkNBX1NYbXlCTXRMTGNFR05QNzZOb2NZTzdnV0tvbGVBUU5GN21fR1FrQXFVTG9SNmFsbWdJS2xCMFFsbWVVUHpPX3NRZVVDX0R4QWZROHdTWHFuR254XzJtTTNvN1ZRT2twT1dNTjVnQTVTUTZVeEthTGtuYWFuT1F2c0xDWlZtclFUZ3RrNmI2c2JpTy1BbjhpZkc3Z0IyZWw1YlBfNWlfZFQ2LWpGS1NUbTV2YXVEX0lRb3ZaSVYxbkljOU9TSTZBdTQ?oc=5
Google News (Brasil),LATAM revela a cabine dos novos aviões Embraer E195-E2 - Aeroflap,2026-07-28 07:00,Informativo,Ninguno,https://news.google.com/rss/articles/CBMiiwFBVV95cUxQRmZoMTBUZ0wwRzBxWkF6UWN1RnVnUTFsS2xQZV9LSWpJUXI3RDhtMmplajhhY201NDRQYWVOX3RIZXVMVElHM0ZDQ1diY1NKYWxzOV9PZG1KVG1IblZnOHpibkUzc3hzdTFjSld3b3ZHSDdEa0FLOUE4Ynp5aDY3S2Z6V2c3RHNLdjl3?oc=5
Google News (Brasil),Latam acelera renovação da frota para ampliar operação no Brasil - Transporte Moderno,2026-07-06 07:00,Informativo,Ninguno,https://news.google.com/rss/articles/CBMirgFBVV95cUxQcHlhWmNXbW9yRVBKZEQ2NHVPTnlIa3R5LUdGd0YwaUxoTDF4T2xLb2xCeDRraGxUSFZUM013TC01YXNEQkpWN3BHb0dFRDQxV29OOVNmUU9KZnNHcTkzOFBhdFJwQnFZRWhvX2tDY3BVU0tEc2c0T1lsdjZzWTVOcVRZQk1rQmNtNUNHNW96dkNRVEFpX0Z5RUNLa1BFYWFCTnNmYTlhbTd5LTJVVFE?oc=5
Google News (Brasil),LATAM cobra políticas públicas para destravar crescimento da aviação na América do Sul - Diário do Turismo,2026-06-09 07:00,Informativo,Ninguno,https://news.google.com/rss/articles/CBMiugFBVV95cUxPZHBMU0lyLU05UjhWdnpmSFVwOWtxRkJ2VlFHbXQ4Nzl5aFpMNmRLMjMwOFBScDI2eEtDaEczSG1VWU1zSWFRN2htSVFTWng1eWczeXdBTlNCZ2FKZjNleVBobDlfWlZ3Nk1pNW9jQjAtZXkxRFFndkticlhjMHdhUFRjQ3liSUpJdVh3TXEwTXVjeUtxOVZLem1sa2V5X0VGcVZjMzd2X0N5eUFxZlhMWjE0MnllZkFkckE?oc=5
Google News (Brasil),"Latam dobra receitas premium, reforça hub em Guarulhos e projeta grandes avanços para 2026 - Panrotas",2025-12-09 08:00,Informativo,Ninguno,https://news.google.com/rss/articles/CBMi6gFBVV95cUxNM2R3WXlkemdSd2Q2RjA3U0Iyb1B5OWlnLU0xOHBvR1F0RGhKblFtT1d3aWtsUWtncWNQSENNUkFnWGczdEdsdXFqMTAtRUpzTllEX0tWTE4yQ29tR0pBZEpVeldQb1A3ZHhBZHg5N0VBUUh5TEFmTFFyTjRsY1E4ZklVSUgxX3JZVVQ0UFpzSk51OXVlQTFMc1U0bHNhdEhpa2cwUjZRelhsWXZ0N0lJaTNNMU5Bcy00NnNkTkFzOTJfYmxUUUJYOGVLMzEySWkzdDJBd0JhVWVQRERzcXJVeDgzVHRhMmM3YlE?oc=5
Google News (Brasil),"Por causa de taxa de conexão, Latam reavalia uso de Lima como base para seus primeiros Airbus A321 XLR - AEROIN",2026-05-12 07:00,Informativo,Ninguno,https://news.google.com/rss/articles/CBMivgFBVV95cUxNZXdfVTVjWXQ4anVDeXd2Sl9hbTBxRVpkWDBNZVNiU1FlOFZXR3NrRTQ1XzVzREJWOHhxSklyNXdpNTdoWmhJN0REckVKVHl1OWtmX3pTcUo0eHBseUQzckdFLUVHZzd4UDhyTU1kSHJ2aGlBZDd1ZkJockFGTXN0eXBOcFNfbEdJUjFucm1LVW9sNHNHTHR5cmR4aUhZUFBzREFHREdYZ1lQb0ozVnBGZ09iU2tLcWU2NlVXbkln0gG-AUFVX3lxTE1ld19VNWNZdDhqdUN5d3ZKX2FtMHFFWmRYME1lU2JTUWU4VldHc2tFNDVfNXNEQlY4eHFKSXI1d2k1N2haaEk3RERyRUpUeXU5a2ZfelNxSjR4cGx5RDNyR0UtRUdnN3hQOHJNTWRIcnZoaUFkN3VmQmhyQUZNc3R5cE5wU19sR0lSMW5ybUtVb2w0c0dMdHlyZHhpSFlQUHNEQUdER1hnWVBvSjNWcEZnT2JTa0txZTY2VVduSWc?oc=5
Google News (Brasil),"Jefferies inicia cobertura da LatAm Airlines com compra e alvo de US$ 70 - Investing.com Brasil - Finanças, Câmbio e Investimentos",2026-06-18 07:00,Informativo,Ninguno,https://news.google.com/rss/articles/CBMiygFBVV95cUxPaGhOQkYyOG9BZVRYazlDMTVIRkZxVlktTWQ1ZE5oaGRmdUlsc056ZjFCTUxhR2tySUZCRWVCZzYzVHZsaGN4WGZpNzRsamJIcXRBXy1kMTBDM2dhUGU5aWtac3FBX1FUZllCb1ctY2Jydk1wd1ktQmFRZnBwRGJGRFhVRVhIOGo3Qk9xMDFmUjNBMXE1YzY1VktydXN5enFaWEhqT1BzSU0tc3lHSTVib2F1eEtyY0pvT2QzdWZIZ3pWYmNqcmdXaE13?oc=5
Google News (Brasil),Latam amplia frota para 410 aviões até o fim de 2026 - Brasil 247,2026-07-06 07:00,Informativo,Ninguno,https://news.google.com/rss/articles/CBMikgFBVV95cUxQR3A1bzBBTlVSeVFoMEJsSXNoT0xxbkNieW45Z0p2TWt3NU4zcDNyQnh6djdNdVNLejB3Sjd1TzBwWmdTa3NCSEJoZ1NUR1ZiaVRmbzZNUHNiSVJHbUl3MzV1aGp4cTVhVlJDaHhhbXhjZkJvNm1jTWc2SmJhMmk3b2lUYXNmRlhZZlRPNERoaEtYQQ?oc=5
Google News (Brasil),"Grupo LATAM reporta lucro líquido de R$ 7,65 bilhões durante o ano de 2025, uma expressiva alta de 49,4% - AEROIN",2026-02-03 08:00,Informativo,Ninguno,https://news.google.com/rss/articles/CBMiuwFBVV95cUxNTThfem1CTWFoaU45RWEzUTQzXzNIVXdOU3ZRNDFaYi1iMG45bElFcDZzeS05ckxDbVJ1YUVaekczd2tucFlOc3pwYUFrMjBuNHcxYkNIdGRzMGV3OXpuc2lnb1BJb1hUem9FcnNBQVZObzhmUzdJdjlBbFFxSlc4NUxyN3pJcWpBQ0hVaDAtWW5iNmZRSkdJOHVHWVl3SU9pNGIwMTJiWnVmNm1hWmx1V1FTeXdYMzJndFlB0gG7AUFVX3lxTE1NOF96bUJNYWhpTjlFYTNRNDNfM0hVd05TdlE0MVpiLWIwbjlsSUVwNnN5LTlyTENtUnVhRVp6RzN3a25wWU5zenBhQWsyMG40dzFiQ0h0ZHMwZXc5em5zaWdvUElvWFR6b0Vyc0FBVk5vOGZTN0l2OUFsUXFKVzg1THI3eklxakFDSFVoMC1ZbmI2ZlFKR0k4dUdZWXdJT2k0YjAxMmJadWY2bWFabHVXUVN5d1gzMmd0WUE?oc=5
Google News (Brasil),Latam projeta frota de 410 aeronaves até 2026 e amplia estratégia de expansão - Brasilturis,2026-03-13 07:00,Informativo,Ninguno,https://news.google.com/rss/articles/CBMijwFBVV95cUxQM1hxYWFDTjgtMWUwV2tkbE41S2JDVFdISUw5MHl4S2k0MUc3a0JoQ2hQZUJUM3JtNEMxYzJOT1NuckxpLXFqc1NOdFgweWg5R0NodXN4YWVwY3dGb3hwdHZQWnh3QU51bkhmeGhVUDluSW16MVExcmdjNFFTdE1lR1M5eS1xRFp4R2JzN2tWWQ?oc=5
Google News (Brasil),CEO da Latam assume presidência do conselho de administração da IATA - AERO Magazine,2026-06-07 07:00,Informativo,Ninguno,https://news.google.com/rss/articles/CBMiogFBVV95cUxOaVFpRWdJZ0JaTVlod1FxVzZqX2xrQ0tFNlh6aUlNTE02Zk9CN3czQm5HRWI1d3ZNQTdBOE5kUURnay1vLXlMYi1Qa09mMF9SdF8tNm5jV0Y1ajg0Q0J3dEwxQzlqazJxeWlYbFNDUkpXenAzV3BHbTlzZnVjQlBxUXZyM0s5UlEwVW12TzhucGdhemF1aWppdmFfMkNJX2hndXfSAacBQVVfeXFMUEg2NTUySnUwMnNUbkQ3Sk00RDRhVUpVRnFCSnBzN2hENVZKTGV2Zy1NTXUtRUxGcUZrTU1YeWtJdkpKemxOZVRENUhHZndrTzZUNldrMWlBQ05KbDVCcnFQYlVEdEJPajdwcEpac1ZkaDZ1WFpQUllqUW9BdWRoQThTeDdyR3pRVXQ5QXFUNF85ay1YTm0yOS1tbWtZWlg2M1RZWU9acXc?oc=5
Google News (Brasil),"Latam fecha 4º tri com lucro de US$ 484,3 milhões, alta de 78,1% - Valor Econômico",2026-02-03 08:00,Informativo,Ninguno,https://news.google.com/rss/articles/CBMizwFBVV95cUxNbllGUVNjdFNka2x0MVNTWXAtaGZSYjhRZlA4aERHOFBkQnRWS2ZYdGhpdEw2TjhEdWZ1Z2VuRHVZRWFYNDFfVElkdnV3eWF0bXZjUVBwZ2xIaVlRUzByV1RHRnhNenlQZlNKQUdFTjY0OUFIbHY1ejVKS3RWcnZuTjlTUl82SzUwT0lNcnNfdU16VG91dUV6MHZvV3ptWlo4dnY0UE5VOUoxVnJpeFVUdF9ON2MybGlJLWkwa2VqRWctdFlUZHhhbjNHcVoxLUnSAd4BQVVfeXFMUC1xN0NUM2Foc25CVEVlVTRiRGhxVk1iSUg4WUJZNXh0Qi1IODk2VmRVLXNLZnJVQ0NJd2UyaFJPeXBCVWxwclkxOXRkLW5JM1ZXazlfLTh3N21CSTJXSU4weTgzbGZlN3FkUVQzdHJnRUx2ejJLMWY1Q21CTF9VMGc4bXc1OFRYNE56R0FKRlpxb3BtMm80S1l6TlhNWnc3RllkWEN3aFZUa0JzOHZHZ2RnTHhJck1OcjhlMkJ5RzVFTlZlejFhM3ZNMXlDaFlTU3huMW5KVzY0MHIzU1pn?oc=5
Google News (Brasil),"LATAM teve aumento de 7,8% no número de passageiros em voos internacionais em abril - AEROIN",2026-05-18 07:00,Informativo,Ninguno,https://news.google.com/rss/articles/CBMiowFBVV95cUxNcUlHaHk1dWxqVHkyNnk1ZHB0dk9Qa1E0ZGV0dHhrMHBMM2plWVZ2VDRFZmVVUVpVbTc5M2cteTZ1OGt6bEdvQ2psTWNhMzl0Z2JQWEt0THQ3ZENMdU95U2tmUktkWkg1cWxkWE13emJZWFRzZG00ZHAycEZmcnRwR21uNWt6UXR6b0FlZmNndk9Udy1Lcl9vMmlUM29NcU05UFFF0gGjAUFVX3lxTE1xSUdoeTV1bGpUeTI2eTVkcHR2T1BrUTRkZXR0eGswcEwzamVZVnZUNEVmZVVRWlVtNzkzZy15NnU4a3psR29DamxNY2EzOXRnYlBYS3RMdDdkQ0x1T3lTa2ZSS2RaSDVxbGRYTXd6YllYVHNkbTRkcDJwRmZydHBHbW41a3pRdHpvQWVmY2d2T1R3LUtyX28yaVQzb01xTTlQUUU?oc=5
Google News (Brasil),"Roberto Alvo, da Latam, assume presidência do Conselho de Administração da Iata - Brasilturis",2026-06-09 07:00,Informativo,Ninguno,https://news.google.com/rss/articles/CBMitwFBVV95cUxPMjlvZlNTczFVNTJGY29jUktRSW1OZUZ1Rl9RN3AxQ1drNGl0Y0NRYTNBV2lIQnR5c3FwcWdPeFNyVmNsalZ2SVFkVkZQeWdFekgwRGRkLVBMV2xNSVlrdUJtd3EwRlQwSXpibVBPLXZXTnM3eFVGaUJnT01lemliQ1ZLcUthZGFTa292YnV0U2gtNjFzUFQ1WThKTGRsRnpFOEFVVFh5RW9MNV94VWNEN0NCZXNvcmc?oc=5
Google News (Brasil),"Latam prevê alta de US$ 700 milhões no combustível, ajusta voos diante de pressão de custos e aborda fim de escala 6×1 - Mercado e Eventos",2026-05-06 07:00,Informativo,Ninguno,https://news.google.com/rss/articles/CBMi_gFBVV95cUxNcldjVnhoYURvaVNlRW9ZWHdzVUZPaElvcXd1aFJ4dkVKTjFsV1BadWdZUGx3eGlSSGV1bG9BNklLbkZiWVNTYzFnd1dia0s1REdyZHZwQnppRjFGS1lzYWxQU2JyZGJnTExMWjNhNlFCenNrZVRHSU8wbFRXVjQ4THM4V2s5aUwwcllpYmhpbzhZNDVac0NFbjhLa3hCZG9jT05iLTNLLUFwQnVSM2VYRWVRMXFTMFBKaEJUb1o2d2o5am5QQU1VQ0VJRlJ0Ni1DMVdOY09Yalk4dk82TDI4ZV83MXlkVmtnSDh2Y0k4eUFNUjMwTzFMS2J1ZF9qdw?oc=5
Google News (Brasil),Cautela e confiança: Jerome Cadier detalha estratégia da Latam em meio à crise de combustível - Mercado e Eventos,2026-05-05 07:00,Informativo,Ninguno,https://news.google.com/rss/articles/CBMi3gFBVV95cUxQREp5WTlBQXRmUzlBQnpNekl4YldHcWVWTDZ4ZTlycnVFb0doOGtadXVaVU9KaW9VdG9WczFkbFlEQjdsUFdmY0lBR3ZmdkxVZm9yNWI3SzlGdGozcndLeTNFRnBoWW9JSnp4WW9rSFYtNG1aa1c5WTRiRFUzOXNHOFlVVGswNE5tUTNScG91RDJvZ3JKd2ZDQWZFZlRLcmQyUTRkTmxoLVpLV1RyREI0Z2tMV0tBOTA4em05YWplWWRSaFFPMzVPVGZubDd0ZVZ2NFg4dG8wOTV1cmVpR3c?oc=5
Google News (Brasil),Latam aprimora menu a bordo e leva pratos de chef brasileira aos voos internacionais - Panrotas,2026-07-07 07:00,Informativo,Ninguno,https://news.google.com/rss/articles/CBMi5AFBVV95cUxQNml1amppTllPZFJvcmtSVFl3SXRjRGtmdnVaSmtqMHJWQWtiNkoxN2dxNzFMamNtSGVQRTFLM0FIWXZZblpDQ3VsLVdmbDBkcTBIR0owSjJBUVU3SGNSZFlYODFFLVFnSXFIcE9tbmZKMUU3TFoyYllCaERGdlZRRi1IbUwzNFBZZU56dmExNzlETHFGX083UlV0VDUyTGVQaHU2RE90UGlZY1hOTmg1WHdRdTR3dTZack9sdHpiR1FxNGFBRG1fQzhrOXoyM2NPWF9XMWNoMDh5bUNGRTVPblVMbG0?oc=5
Google News (Brasil),Latam prevê superar 40 novas aeronaves e chegar a 410 aviões em 2026 - Brasilturis,2026-07-06 07:00,Informativo,Ninguno,https://news.google.com/rss/articles/CBMigAFBVV95cUxOZ2MwSmYwUTFMdnhPdDNDOHl3bjdXMjg1ZndkWFFWTS1WSF9NRGJJbE1zeWloSFlrb21lZERZNXRTODE4V1Z4amFBeGZXUm9IZUhsbWRoaGljZVJTS1o2TnRTYUM2dXBQWG9ETVdOeUZjTmZpZ0dGQmt6SlFnUEJaTA?oc=5
Google News (Brasil),Latam cobra políticas públicas durante o IATA AGM para ampliar competitividade da aviação - AERO Magazine,2026-06-09 07:00,Informativo,Ninguno,https://news.google.com/rss/articles/CBMikwFBVV95cUxNczBkVFNWaHNaVVFEcFNxSXR6RGVpdW1DOTZ5Ylo4TjJSbERfa3NaNHRUZnBQcF9ZdW4wYXlxdFdsTHBROVpoRWlWaXFWRE1wSGxrd0RPRE8zbElQMEtvbGRxX2thbE1GT0tZYlRNY2xtTDF5WlRSWU1Na1hNbWp2VUp0ZGZWc0RhMENkaG5SNkJPNUXSAZgBQVVfeXFMTUNsS3BkdGNUenFHUGNPMHNEVmZyT1pJRFBJU0lOV3pPTDNXOUhCUUZIazFrdHA0bGNkZ3otTkFrc24xTU0za0NKNTJTMUxwb0lrcDNLZFNxWmJXQkMybFluTW03YVI3WHZnYTh1ME82cGd4cHBCbzhyLWc5c2NjbTNydFlkS2MzbzVhWGtrRl9peFo5QVJnV2g?oc=5
Google News (Brasil),"Com 18 Boeings 787 novos encomendados, LATAM vai priorizar a troca dos últimos Boeings 767 - AEROIN",2026-06-06 07:00,Informativo,Ninguno,https://news.google.com/rss/articles/CBMirgFBVV95cUxNQXZqSV9IQ2gyS2o2NGNTeHRhNzc2NFA2R3h5UXJhd2lKQU1Td1lsaXY3b2hNVnpoZExGcVppWjdOWWVWRTB1cVlIZ01icFVmVlg5VjhIbm5DNmRwSFJjMHU3Z0xwdE84UGVmTXJaOXBPX1dIcXUtLWVuUW5EZkVUWVg5ZlE1Sk1pU0VRMmk4RTdWLWpCWjNBMlZWZVBQdzJ4emhQcG93REpBN0VUSWfSAa4BQVVfeXFMTUF2aklfSENoMktqNjRjU3h0YTc3NjRQNkd4eVFyYXdpSkFNU3dZbGl2N29oTVZ6aGRMRnFaaVo3TlllVkUwdXFZSGdNYnBVZlZYOVY4SG5uQzZkcEhSYzB1N2dMcHRPOFBlZk1yWjlwT19XSHF1LS1lblFuRGZFVFlYOWZRNUpNaVNFUTJpOEU3Vi1qQlozQTJWVmVQUHcyeHpoUHBvd0RKQTdFVEln?oc=5
Google News (Brasil),Linie lotnicze LATAM zostały uhonorowane tytułem „Linii Lotniczych Roku” przez Air Transport World. - Aeroflap,2026-09-23 13:40,Informativo,Ninguno,https://news.google.com/rss/articles/CBMimgFBVV95cUxOTk44WG9WaWFoQkN5eUh0VldDUjBsR0xLTHlXdzRaVW9sQUxyeFczb2lOaE9ZNHdLeU45SXFDQVFqR21qc216d0JJeWVWRGJmSVJheEMwWEVhRDlnR2dnOERJcVZENmRfN0JQNjRGd3RSRmhEaTBXT0FiRXZaeE8ySG84emRWZUN1Q0gtQThWOEYtQTA2dFNOaU93?oc=5
Google News (Brasil),LATAM Airlines evita mais de 1 milhão de toneladas de CO₂ por ano com inovações em eficiência - AEROIN,2026-04-30 07:00,Informativo,Ninguno,https://news.google.com/rss/articles/CBMivgFBVV95cUxOUktnQWVpajg3SEhESGJDZVRGVmJMN2JaZW1wX1hUdGRIN0VINnZVWWlLVEMzUnJ2RzJLVEp3ZUVUUGl5bWdzV3hRanZGT01OeENVMGgtYm5haUhwNU5RdjZwVE9scTJRMGVOUVUzWVRxQVNjeFRQNXVIN1gzY0NIZ0tMXzFheVlRTHlidUZEMExUZTd2TnlrdXdTU29uM0xLcEtDVUp4c3FSNUtmdmNPcWNvWE9zRk5BNy1LYUhn0gG-AUFVX3lxTE5SS2dBZWlqODdISERIYkNlVEZWYkw3YlplbXBfWFR0ZEg3RUg2dlVZaUtUQzNScnZHMktUSndlRVRQaXltZ3NXeFFqdkZPTU54Q1UwaC1ibmFpSHA1TlF2NnBUT2xxMlEwZU5RVTNZVHFBU2N4VFA1dUg3WDNjQ0hnS0xfMWF5WVFMeWJ1RkQwTFRlN3ZOeWt1d1NTb24zTEtwS0NVSnhzcVI1S2Z2Y09xY29YT3NGTkE3LUthSGc?oc=5
Google News (Brasil),LATAM anuncia financiamento de US$ 505 milhões para impulsionar crescimento e renovação da frota - R7,2026-08-25 07:00,Informativo,Ninguno,https://news.google.com/rss/articles/CBMi6wFBVV95cUxNYUlsMFVBOHJiMWlNY3JmazU4amQ1RE1RejFQTUQ5WEhubkdGZjUtZHpBYUtBTnFObi1fdFg5Q0ZlcHFiU0poZHAyVFJ6clMwTDMwRjY2VVMyY2RyaVgzaUcweEc0bFQxRElFT3l5OGNPbU9TNnZLUnMzZS1UUVUxdHkzUU9CdHpnbmRJODVtOVpBZWdodDdoT2t3R21CRGo5dWdfUmdXZGxlVFI3R3pCZFNTZDV2WFZfZWRPTlB6c0g2Yjcxd0Z0MTM0V2JzVThXWGNnTFNRbFBFUU9MQVlqd1hqcDJJN3RzT1c4?oc=5
Google News (Brasil),CEO da LATAM assume comando da entidade que representa a aviação mundial - Aeroflap,2026-06-09 07:00,Informativo,Ninguno,https://news.google.com/rss/articles/CBMipgFBVV95cUxNQmF0NEQyZ0Z3OExQeUpYbzJBT19PZ29WdWhURGhGZ29ZekJPWDlycjRpMzNMWFZaQ2pTNW45N1Itd1BlbVd3U2cxRHZ1WDhVblQ5ZFBjZlVteDcxRUh1MUJ1ZXR0b1dxdE5fajVuLVJ1ZGtXX3dPZDlqLU1HLU4xYklIODVaV2RsQUotUXdnTG5NTWlaR2hfNGlvbUI4TjZON2h2SXZR?oc=5
Google News (Brasil),"LATAM Airlines Group encerra 2025 com lucro líquido de US$ 1,46 bilhão - R7",2026-02-04 08:00,Informativo,Ninguno,https://news.google.com/rss/articles/CBMixwFBVV95cUxOem1KX0tna2VkVzhCem5BUzBfbHlDQkk3QTh6empVb3hUQ3A1cFNDS1lnelJ6UWpDWEtabGRYWG5zVUpVZGN6alhkaFp2c2lHdnVNb1ZuWS1JTWNmNGxWQVc0N0F0YVlwdjlIbjFuVG9RR3RUc0plY2Q2UjdCamJmWWMxRndYa0dVeERmU0J5VWlySHJlTUNUNkloY0l6NUhPdFpFLVY0dzh0SUEzZjdiQ0VpNVZYSWhRRkJZTXRfbE51cUotYzFJ?oc=5
Google News (Brasil),"“O mercado brasileiro mudou; estamos em outro patamar”, diz CEO da Latam sobre aviação nacional - Brasil 247",2026-06-08 07:00,Informativo,Ninguno,https://news.google.com/rss/articles/CBMixwFBVV95cUxOV1Zta2x5cTUyVDRQdmR1VVhnRkpKa2ZwbkZnaEV4bVV6MWVNbEJTc21MczJ3SERUUWs4QWxVOTZ6VlhTOHFDWHlKWlMtQW5HOHJiOVRZZ19KZTBVSFdSaEtDT3QxMkluc3FFWEFWeWkxNi1JU2YtTUFfSnBkMlBfcGRJZGVVUXdVTGRFLVZKdXE5elpFYWJJRmJybVAzdzk3QnBhMkt0d1hUZ0lOekJxRHNiQnB2LTF5QVdZcE9ycERHLVZGYTF3?oc=5
Google News (Brasil),LATAM Airlines mostra cabine premium da nova frota de aeronaves; assentos terão entretenimento de bordo e Wi-Fi grátis; veja imagens - Times Brasil | CNBC,2026-07-28 07:00,Informativo,Ninguno,https://news.google.com/rss/articles/CBMikgFBVV95cUxNYWxja2F6UFh6SFRXOXVSSm9VVHJXV2JBMVl2c2ZKdVZ1enljdHFYQlF0UUhjNlljdHlBYkVsZjBQOXl2aDBINXpqenFVQmJ4X09NVWZPSWpxRkJTMTN2N0h4UG1TYmw2ekw1YXRrODBaWUVlOXJ1dVlxSWdYUkNEdjBnT1VKSjhqZ0NxcDVScGlnQQ?oc=5
Google News (Brasil),Latam destaca desafios da aviação sul-americana e defende ambiente mais competitivo para o setor - Brasilturis,2026-06-09 07:00,Informativo,Ninguno,https://news.google.com/rss/articles/CBMi0AFBVV95cUxPNGpUeDR6ekxBUUdNeElzZ0FUcXZxZkt6Q25fOUVPUjBIanJ3RUpfNGNDT01iSnRVZUk1Q2E0SVJoUE9EWVloaXRsVkhwS01YX3I2c0o2aTlvWk9mYWU0YXl5OUt5TzRsUy1jNmdFZlRPb2JuRExSaEYtSFVPNURBak5acW55STlqR2hLYmMtVEkySXlTQ0pDNzBtYWljdWQ2WEpNNzE3Wk9nZzEwRXp1N1puTV84cjB3ZmhzOXlsX2xmWTE3SnpNTnlwRUp4Mjk5?oc=5
Google News (Brasil),Latam supera alta de combustíveis e lucra US$ 125 milhões no trimestre - UOL Economia,2026-08-04 07:00,Informativo,Ninguno,https://news.google.com/rss/articles/CBMi0wFBVV95cUxQblpVTFpzY1lzLUNSZm5MYWVmbWMtT0p2d2ZXZ3VQUW0zOWhnRXlyb0FwSFRiWEJQb1MwamhPWHBONkJia3hIeUFZYjVIS3RRYzM0YVRGMWdRWjBKYWFLWWhnZUdpVXRXV1hXMy14Y09wOS1sSjVSaDJFczhmWEZSbDRkWVRhdlk2V3FQc3RQZUg0SWZjQXVOSV9abDJreldiMkk0VlEzT3VlQnd1QkR1LTVIQTVpdGQzOGJoVTVHX3kyLVVZZ2xjX25LTlpmWXhaSmh3?oc=5
Google News (Brasil),Preço das ações da LATAM Airlines dobra após resultados recordes em 2025 - AEROIN,2026-02-17 08:00,Informativo,Ninguno,https://news.google.com/rss/articles/CBMilwFBVV95cUxNUnl3NUVLcGN4b1RSRHcweW5nbnlzYXlRck1aYkxUMWFkajJnajRWeHZ0VTZCR1N3MUNnRXVsR2RLRzZwdldjSlc3RjUzMzlPV0N6eG9vRGx5VnBOZVhCcXF5WXNReWh0TFFuTGtUaldsLUdMRGVUQlhUZHdoRnFvZlluY2pHejFoOU1nLW16dy1lS3FKS2VN0gGXAUFVX3lxTE1SeXc1RUtwY3hvVFJEdzB5bmdueXNheVFyTVpiTFQxYWRqMmdqNFZ4dnRVNkJHU3cxQ2dFdWxHZEtHNnB2V2NKVzdGNTMzOU9XQ3p4b29EbHlWcE5lWEJxcXlZc1F5aHRMUW5Ma1RqV2wtR0xEZVRCWFRkd2hGcW9mWW5jakd6MWg5TWctbXp3LWVLcUpLZU0?oc=5
Google News (Brasil),"LATAM, Air Transport World tərəfindən ""İlin Aviaşirkəti"" seçilib. - Aeroflap",2026-09-23 13:40,Informativo,Ninguno,https://news.google.com/rss/articles/CBMimgFBVV95cUxQNFdRZGFsRU81bzhwS2FUMjAxZFhBOEZhN3hzM2ltVzdOMnc1M2YwcG1GbWVlZFB4Rm44c1lrQjhhWVJ1MEd2S1drZmNyWUZyZy1GNU4wdTVMTkNhYWJreDRWekpBMkFNWHJrbkprMjFIdkJ6Y0NYQ3IxVVpLUU5CQmlGYVJ0R05vd3Fkcks5YWxYdFpUcGEzZHd3?oc=5
Google News (Brasil),"Para a Latam, liberalização e a desregulamentação do setor aéreo na região da América Latina são irreversíveis - AEROIN",2026-04-10 07:00,Informativo,Ninguno,https://news.google.com/rss/articles/CBMiyAFBVV95cUxOeXZqczMwSkUxQ2NHNURTaXRpSUNJcmZOblYxS0pCMURLM2RiSE5QRlA3eG9XS3lmVlhqSEpTVzdZUjJkTDNBSVpnSmx6YzVIY2VDX0JlXzNXV1hoUnIwX0kwdTFfNk9EM1RfWlhrdm40MG1paExkUmQ2WHhLLTAzYWc4SV9WQnVsbERXbkF2TFd5TzNfLTZTMUJ4U1ZXTWNDb1BmV0ZPSU16WndsenQ2aWgtRFhEbHJWNmptdGREM3cwQWtjcFVoctIByAFBVV95cUxOeXZqczMwSkUxQ2NHNURTaXRpSUNJcmZOblYxS0pCMURLM2RiSE5QRlA3eG9XS3lmVlhqSEpTVzdZUjJkTDNBSVpnSmx6YzVIY2VDX0JlXzNXV1hoUnIwX0kwdTFfNk9EM1RfWlhrdm40MG1paExkUmQ2WHhLLTAzYWc4SV9WQnVsbERXbkF2TFd5TzNfLTZTMUJ4U1ZXTWNDb1BmV0ZPSU16WndsenQ2aWgtRFhEbHJWNmptdGREM3cwQWtjcFVocg?oc=5
Google News (Brasil),LATAM renova sua experiência Premium Business inspirada na identidade da América do Sul - LATAM Airlines,2025-10-24 07:00,Informativo,Ninguno,https://news.google.com/rss/articles/CBMiugFBVV95cUxObERuRXlCUFpwMDEydS1mWjZ6ek1Sd08wU0FySEJnX2VhekpyUWtFaWFiWHBiOG92SmdWeWRxYWVlaU5LVjdPN1NBWWpsZ0ZhX1RNczdnRVBZa2tWUHM3YzlmRVNYUThmZlJzME05MWJnbGNrc0M0NXoySEljUmQ4VXR5ZGlPZWFhbktwWU9ZVHh3QVlFQXljUDdXUzlRYl9qWGJ4RW4xN2RkbVUxcnAwUmROSE1vR01vWUE?oc=5
Google News (Brasil),Latam amplia uso do AeroShark em toda a frota Boeing 777-300ER - Panrotas,2026-02-06 08:00,Informativo,Ninguno,https://news.google.com/rss/articles/CBMiyAFBVV95cUxQVmROVGsxZHB4OTFxZnNlclhTUWxMallXdzQ0aDhfaVJEVkh4WGRKdTZSTHFmMFJrdi12dFAwd3lQZ0xTTXRSTy1pd1drbG9fOENkUzZ1cFdIS2JvRU4xRm92alpCLU1ObldaX0E5WUd0dzEwVmFoSl9WMU5PeUtNZDZDeEZfMEpzNlRyY3hDVzFBSHZIR3AwUmdXWFNoakhvOUhWQmFOUnpxaFlEaUs5eVNHZEhGcnYzc3poZmtLbl9reHBfYm9RTA?oc=5
Google News (Brasil),LATAM escolhe motores Rolls-Royce para sua frota de 787 - Aeroflap,2026-04-29 07:00,Informativo,Ninguno,https://news.google.com/rss/articles/CBMijAFBVV95cUxNMHBid242LTctR0ljd3NDa1ZzVjZrUHhhOVpCaDZFdFRNOC1NZF9JVmM5YzBkUDRtVnFIM0tmY3VKSWllUHFXMFQzZnk3ZHAxWHk5ZWJyUmNKQ3dtaGQ3bEV5alE5cjBxQ2QwX2JONTdQTlNUUXpXQ2pSVXNEeC04dXZaZjdZZDdGSGJyRQ?oc=5
Google News (Brasil),"Latam lucra US$ 576 milhões e transporta 22,9 milhões de passageiros no 1º trimestre - Mercado e Eventos",2026-05-05 07:00,Informativo,Ninguno,https://news.google.com/rss/articles/CBMi0AFBVV95cUxOUTMyWUR2bFN6Q3ZHbnNXdFplblktMzBpQnRaeU9aV1dGVFVZVGIwWnZUZWgwYUt0di04a3NMT0ZEV0ktNEpkckozLVl6UXFvdndzdkhaZzJnRGxQMlh6MzdOS0JSc19OTFZXNEZUaHhJc3VBMWJGSmhLWUVrQWVQcXhac0tzSENqNzJlcUlKTDhpTnNwdTBWRXN1V2o0TG1UT0VONVYzNUZLZlpzZXJUMmZyTGZJVWR5MnhNblpKV2E2NmRyb0ZpTHpXRXdNbV9o?oc=5
Google News (Brasil),Fitch reafirma ratings da LATAM Airlines com perspectiva positiva - AEROIN,2026-04-29 07:00,Informativo,Ninguno,https://news.google.com/rss/articles/CBMijgFBVV95cUxQZkw0VXpUUEs4bW1XdVJ2cTNYWHhRWVFKQkJWRWVjTnJldl96Q0ZlOHV3QjVMYm5yYXlkMDhvVFJsVkZ0VHJLLVRBMzd3NTVGYzlnRzlyamRxWnFiREtab2VWWHBVNFRBczNCci1acEN4ZmlxSHVnVGwwbTZHRUNkMDB5dWY0aUEtNGNrbnJB0gGOAUFVX3lxTFBmTDRVelRQSzhtbVd1UnZxM1hYeFFZUUpCQlZFZWNOcmV2X3pDRmU4dXdCNUxibnJheWQwOG9UUmxWRnRUckstVEEzN3c1NUZjOWdHOXJqZHFacWJES1pvZVZYcFU0VEFzM0JyLVpwQ3hmaXFIdWdUbDBtNkdFQ2QwMHl1ZjRpQS00Y2tuckE?oc=5
Bing News (Corp),Acciones LATAM Airlines Group S.A. NYSE,2020-03-30 17:00,Alerta Alta,acciones,http://www.bing.com/news/apiclick.aspx?ref=FexRss&aid=&tid=6abf9ebaf2c64731936fa98e7e3de3eb&url=https%3a%2f%2fes.marketscreener.com%2fcotizacion%2faccion%2fLATAM-AIRLINES-GROUP-S-A-120787195%2f&c=14763259967264779973&mkt=es-cl
Bing News (Corp),Reconoce ATW a LATAM como Aerolínea del Año,2026-09-27 10:33,Informativo,Ninguno,http://www.bing.com/news/apiclick.aspx?ref=FexRss&aid=&tid=6abf9ebaf2c64731936fa98e7e3de3eb&url=https%3a%2f%2fnewsinamerica.com%2fpdcc%2fboletin%2f2026%2freconoce-atw-a-latam-como-aerolinea-del-ano%2f&c=18027902004818509565&mkt=es-cl
Bing News (Corp),Latam Airlines se convierte en la más sostenible del hemisferio,2026-05-06 14:40,Informativo,Ninguno,http://www.bing.com/news/apiclick.aspx?ref=FexRss&aid=&tid=6abf9ebaf2c64731936fa98e7e3de3eb&url=https%3a%2f%2fwww.elcomercio.com%2fempresariales%2flatam-airlines-convierte-sostenible-hemisferio%2f&c=3268907942546649659&mkt=es-cl
Bing News (Corp),LATAM Airlines desmiente rumores sobre la creación de una filial en Venezuela,2026-09-29 13:49,Informativo,Ninguno,http://www.bing.com/news/apiclick.aspx?ref=FexRss&aid=&tid=6abf9ebaf2c64731936fa98e7e3de3eb&url=https%3a%2f%2faviacionaldia.com%2f2026%2f09%2flatam-airlines-desmiente-rumores-sobre-la-creacion-de-una-filial-en-venezuela.html&c=16593634692456445606&mkt=es-cl
Bing News (Corp),Latam Airlines invertirá cerca de US$25 millones en Wi-Fi satelital en gran parte de su flota,2026-09-28 08:30,Informativo,Ninguno,http://www.bing.com/news/apiclick.aspx?ref=FexRss&aid=&tid=6abf9ebaf2c64731936fa98e7e3de3eb&url=https%3a%2f%2fwww.msn.com%2fes-co%2fnoticias%2fotras%2flatam-airlines-invertir%25C3%25A1-cerca-de-us-25-millones-en-wi-fi-satelital-en-gran-parte-de-su-flota%2far-AA2d7T1G&c=15247516847633283940&mkt=es-cl
Bing News (Corp),Latam es elegida como aerolínea del año y marca un hito para la aviación latinoamericana,2026-09-29 12:54,Informativo,Ninguno,http://www.bing.com/news/apiclick.aspx?ref=FexRss&aid=&tid=6abf9ebaf2c64731936fa98e7e3de3eb&url=https%3a%2f%2fwww.elcomercio.com%2fempresariales%2flatam-elegida-aerolinea-ano-marca-hito-aviacion-latinoamericana%2f&c=7692245728554482280&mkt=es-cl
Bing News (Corp),Consenso LATAM Airlines Group S.A.,2026-09-16 17:00,Informativo,Ninguno,http://www.bing.com/news/apiclick.aspx?ref=FexRss&aid=&tid=6abf9ebaf2c64731936fa98e7e3de3eb&url=https%3a%2f%2fes.marketscreener.com%2fcotizacion%2faccion%2fLATAM-AIRLINES-GROUP-S-A-6492914%2fconsenso%2f&c=13510783824314648443&mkt=es-cl
Bing News (Corp),¿LATAM Venezuela?: La compañía salió a desmentir rumores,2026-09-30 09:58,Informativo,Ninguno,http://www.bing.com/news/apiclick.aspx?ref=FexRss&aid=&tid=6abf9ebaf2c64731936fa98e7e3de3eb&url=https%3a%2f%2fwww.aviacionnews.com%2f2026%2f09%2flatam-venezuela-la-compania-salio-a-desmentir-rumores%2f&c=14420067690400558877&mkt=es-cl
Bing News (Corp),Latam Airlines trabaja para volver a Wall Street tras salir de su proceso de reorganización y acción sube,2024-04-04 04:55,Informativo,Ninguno,http://www.bing.com/news/apiclick.aspx?ref=FexRss&aid=&tid=6abf9ebaf2c64731936fa98e7e3de3eb&url=https%3a%2f%2fwww.latercera.com%2fpulso%2fnoticia%2flatam-airlines-group-trabaja-para-volver-a-wall-street-tras-salir-por-su-proceso-de-reorganizacion-bajo-el-capitulo-11%2fILDFGKPFWBBMBMS6JACSC7Z6MA%2f&c=16678710873461722121&mkt=es-cl
Bing News (Corp),LAN y TAM completan transacción y dan origen a ‘Latam Airlines Group’,2012-06-22 03:51,Informativo,Ninguno,http://www.bing.com/news/apiclick.aspx?ref=FexRss&aid=&tid=6abf9ebaf2c64731936fa98e7e3de3eb&url=https%3a%2f%2fwww.biobiochile.cl%2fnoticias%2f2012%2f06%2f22%2flan-y-tam-completan-transaccion-y-dan-origen-a-latam-airlines-group.shtml&c=17668889804267569887&mkt=es-cl
Bing News (Corp),"Presidente de American Airlines Group, Robert Isom: ""Estamos muy entusiasmados de obtener la aprobación del JBA con Latam""",2018-06-12 01:00,Informativo,Ninguno,http://www.bing.com/news/apiclick.aspx?ref=FexRss&aid=&tid=6abf9ebaf2c64731936fa98e7e3de3eb&url=https%3a%2f%2fwww.latercera.com%2fpulso%2fnoticia%2fpresidente-american-airlines-group-robert-isom-estamos-entusiasmados-obtener-la-aprobacion-del-jba-latam%2f201703%2f&c=4180414111098955830&mkt=es-cl
